"issueKey","title","status","expectedStatus","durationMs","retries","error","attachments"
"","orion-auth.setup.ts > authenticate INT2","skipped","skipped","311","0","",""
"ORI-688","int2-ihm-sprint13-recette-23-batch2.spec.ts > ORI-688: Afficher État Pointages Planning > AC1: État pointages s'affiche dans vue planning (week/day)","failed","passed","139","0","TypeError: _env.routes.planningList is not a function","/Users/yacinebenhamou/Documents/playwrightOrion/int2-ihm-test-results/orion-pipeline/artifacts/int2-ihm-sprint13-recette--9a681-dans-vue-planning-week-day--orion-pipeline/test-failed-1.png | /Users/yacinebenhamou/Documents/playwrightOrion/int2-ihm-test-results/orion-pipeline/artifacts/int2-ihm-sprint13-recette--9a681-dans-vue-planning-week-day--orion-pipeline/video.webm | /Users/yacinebenhamou/Documents/playwrightOrion/int2-ihm-test-results/orion-pipeline/artifacts/int2-ihm-sprint13-recette--9a681-dans-vue-planning-week-day--orion-pipeline/error-context.md | /Users/yacinebenhamou/Documents/playwrightOrion/int2-ihm-test-results/orion-pipeline/artifacts/int2-ihm-sprint13-recette--9a681-dans-vue-planning-week-day--orion-pipeline/trace.zip"
"ORI-688","int2-ihm-sprint13-recette-23-batch2.spec.ts > ORI-688: Afficher État Pointages Planning > AC2: États reflètent état réel en base (Attendu, Validé, Rejeté, En attente)","failed","passed","136","0","TypeError: _env.routes.planningList is not a function","/Users/yacinebenhamou/Documents/playwrightOrion/int2-ihm-test-results/orion-pipeline/artifacts/int2-ihm-sprint13-recette--b4ec3-u-Validé-Rejeté-En-attente--orion-pipeline/test-failed-1.png | /Users/yacinebenhamou/Documents/playwrightOrion/int2-ihm-test-results/orion-pipeline/artifacts/int2-ihm-sprint13-recette--b4ec3-u-Validé-Rejeté-En-attente--orion-pipeline/video.webm | /Users/yacinebenhamou/Documents/playwrightOrion/int2-ihm-test-results/orion-pipeline/artifacts/int2-ihm-sprint13-recette--b4ec3-u-Validé-Rejeté-En-attente--orion-pipeline/error-context.md | /Users/yacinebenhamou/Documents/playwrightOrion/int2-ihm-test-results/orion-pipeline/artifacts/int2-ihm-sprint13-recette--b4ec3-u-Validé-Rejeté-En-attente--orion-pipeline/trace.zip"
"ORI-688","int2-ihm-sprint13-recette-23-batch2.spec.ts > ORI-688: Afficher État Pointages Planning > AC3: Couleurs/icônes pour états distincts conformes maquettes","failed","passed","136","0","TypeError: _env.routes.planningList is not a function","/Users/yacinebenhamou/Documents/playwrightOrion/int2-ihm-test-results/orion-pipeline/artifacts/int2-ihm-sprint13-recette--60aa4-stincts-conformes-maquettes-orion-pipeline/test-failed-1.png | /Users/yacinebenhamou/Documents/playwrightOrion/int2-ihm-test-results/orion-pipeline/artifacts/int2-ihm-sprint13-recette--60aa4-stincts-conformes-maquettes-orion-pipeline/video.webm | /Users/yacinebenhamou/Documents/playwrightOrion/int2-ihm-test-results/orion-pipeline/artifacts/int2-ihm-sprint13-recette--60aa4-stincts-conformes-maquettes-orion-pipeline/error-context.md | /Users/yacinebenhamou/Documents/playwrightOrion/int2-ihm-test-results/orion-pipeline/artifacts/int2-ihm-sprint13-recette--60aa4-stincts-conformes-maquettes-orion-pipeline/trace.zip"
"ORI-688","int2-ihm-sprint13-recette-23-batch2.spec.ts > ORI-688: Afficher État Pointages Planning > AC4: Clic sur état ouvre détail/modal pointages","failed","passed","135","0","TypeError: _env.routes.planningList is not a function","/Users/yacinebenhamou/Documents/playwrightOrion/int2-ihm-test-results/orion-pipeline/artifacts/int2-ihm-sprint13-recette--3688d-uvre-détail-modal-pointages-orion-pipeline/test-failed-1.png | /Users/yacinebenhamou/Documents/playwrightOrion/int2-ihm-test-results/orion-pipeline/artifacts/int2-ihm-sprint13-recette--3688d-uvre-détail-modal-pointages-orion-pipeline/video.webm | /Users/yacinebenhamou/Documents/playwrightOrion/int2-ihm-test-results/orion-pipeline/artifacts/int2-ihm-sprint13-recette--3688d-uvre-détail-modal-pointages-orion-pipeline/error-context.md | /Users/yacinebenhamou/Documents/playwrightOrion/int2-ihm-test-results/orion-pipeline/artifacts/int2-ihm-sprint13-recette--3688d-uvre-détail-modal-pointages-orion-pipeline/trace.zip"
"ORI-688","int2-ihm-sprint13-recette-23-batch2.spec.ts > ORI-688: Afficher État Pointages Planning > AC5: Mise à jour temps réel fonctionne (WebSocket/polling)","failed","passed","134","0","TypeError: _env.routes.planningList is not a function","/Users/yacinebenhamou/Documents/playwrightOrion/int2-ihm-test-results/orion-pipeline/artifacts/int2-ihm-sprint13-recette--5f9d7-nctionne-WebSocket-polling--orion-pipeline/test-failed-1.png | /Users/yacinebenhamou/Documents/playwrightOrion/int2-ihm-test-results/orion-pipeline/artifacts/int2-ihm-sprint13-recette--5f9d7-nctionne-WebSocket-polling--orion-pipeline/video.webm | /Users/yacinebenhamou/Documents/playwrightOrion/int2-ihm-test-results/orion-pipeline/artifacts/int2-ihm-sprint13-recette--5f9d7-nctionne-WebSocket-polling--orion-pipeline/error-context.md | /Users/yacinebenhamou/Documents/playwrightOrion/int2-ihm-test-results/orion-pipeline/artifacts/int2-ihm-sprint13-recette--5f9d7-nctionne-WebSocket-polling--orion-pipeline/trace.zip"
"ORI-688","int2-ihm-sprint13-recette-23-batch2.spec.ts > ORI-688: Afficher État Pointages Planning > AC6: Filtres planning s'appliquent aussi aux pointages","failed","passed","141","0","TypeError: _env.routes.planningList is not a function","/Users/yacinebenhamou/Documents/playwrightOrion/int2-ihm-test-results/orion-pipeline/artifacts/int2-ihm-sprint13-recette--61910-liquent-aussi-aux-pointages-orion-pipeline/test-failed-1.png | /Users/yacinebenhamou/Documents/playwrightOrion/int2-ihm-test-results/orion-pipeline/artifacts/int2-ihm-sprint13-recette--61910-liquent-aussi-aux-pointages-orion-pipeline/video.webm | /Users/yacinebenhamou/Documents/playwrightOrion/int2-ihm-test-results/orion-pipeline/artifacts/int2-ihm-sprint13-recette--61910-liquent-aussi-aux-pointages-orion-pipeline/error-context.md | /Users/yacinebenhamou/Documents/playwrightOrion/int2-ihm-test-results/orion-pipeline/artifacts/int2-ihm-sprint13-recette--61910-liquent-aussi-aux-pointages-orion-pipeline/trace.zip"
"ORI-723","int2-ihm-sprint13-recette-23-batch2.spec.ts > ORI-723: Créer Contrat Intervenant - Durée Travail > AC1: Onglet 4 ""Durée travail"" s'affiche en formulaire création","failed","passed","135","0","TypeError: _env.routes.collaboratorsList is not a function","/Users/yacinebenhamou/Documents/playwrightOrion/int2-ihm-test-results/orion-pipeline/artifacts/int2-ihm-sprint13-recette--e6ed0-iche-en-formulaire-création-orion-pipeline/test-failed-1.png | /Users/yacinebenhamou/Documents/playwrightOrion/int2-ihm-test-results/orion-pipeline/artifacts/int2-ihm-sprint13-recette--e6ed0-iche-en-formulaire-création-orion-pipeline/video.webm | /Users/yacinebenhamou/Documents/playwrightOrion/int2-ihm-test-results/orion-pipeline/artifacts/int2-ihm-sprint13-recette--e6ed0-iche-en-formulaire-création-orion-pipeline/error-context.md | /Users/yacinebenhamou/Documents/playwrightOrion/int2-ihm-test-results/orion-pipeline/artifacts/int2-ihm-sprint13-recette--e6ed0-iche-en-formulaire-création-orion-pipeline/trace.zip"
"ORI-723","int2-ihm-sprint13-recette-23-batch2.spec.ts > ORI-723: Créer Contrat Intervenant - Durée Travail > AC2: Champs durée (min, max, moyenne) présents et validés","failed","passed","137","0","TypeError: _env.routes.collaboratorsList is not a function","/Users/yacinebenhamou/Documents/playwrightOrion/int2-ihm-test-results/orion-pipeline/artifacts/int2-ihm-sprint13-recette--78993-moyenne-présents-et-validés-orion-pipeline/test-failed-1.png | /Users/yacinebenhamou/Documents/playwrightOrion/int2-ihm-test-results/orion-pipeline/artifacts/int2-ihm-sprint13-recette--78993-moyenne-présents-et-validés-orion-pipeline/video.webm | /Users/yacinebenhamou/Documents/playwrightOrion/int2-ihm-test-results/orion-pipeline/artifacts/int2-ihm-sprint13-recette--78993-moyenne-présents-et-validés-orion-pipeline/error-context.md | /Users/yacinebenhamou/Documents/playwrightOrion/int2-ihm-test-results/orion-pipeline/artifacts/int2-ihm-sprint13-recette--78993-moyenne-présents-et-validés-orion-pipeline/trace.zip"
"ORI-723","int2-ihm-sprint13-recette-23-batch2.spec.ts > ORI-723: Créer Contrat Intervenant - Durée Travail > AC3: Calculs durée attendue vs réelle côté backend","failed","passed","134","0","TypeError: _env.routes.collaboratorsList is not a function","/Users/yacinebenhamou/Documents/playwrightOrion/int2-ihm-test-results/orion-pipeline/artifacts/int2-ihm-sprint13-recette--b415f-ndue-vs-réelle-côté-backend-orion-pipeline/test-failed-1.png | /Users/yacinebenhamou/Documents/playwrightOrion/int2-ihm-test-results/orion-pipeline/artifacts/int2-ihm-sprint13-recette--b415f-ndue-vs-réelle-côté-backend-orion-pipeline/video.webm | /Users/yacinebenhamou/Documents/playwrightOrion/int2-ihm-test-results/orion-pipeline/artifacts/int2-ihm-sprint13-recette--b415f-ndue-vs-réelle-côté-backend-orion-pipeline/error-context.md | /Users/yacinebenhamou/Documents/playwrightOrion/int2-ihm-test-results/orion-pipeline/artifacts/int2-ihm-sprint13-recette--b415f-ndue-vs-réelle-côté-backend-orion-pipeline/trace.zip"
"ORI-723","int2-ihm-sprint13-recette-23-batch2.spec.ts > ORI-723: Créer Contrat Intervenant - Durée Travail > AC4: Sauvegarde données durée persistée en base","failed","passed","125","0","TypeError: _env.routes.collaboratorsList is not a function","/Users/yacinebenhamou/Documents/playwrightOrion/int2-ihm-test-results/orion-pipeline/artifacts/int2-ihm-sprint13-recette--2abd8-ées-durée-persistée-en-base-orion-pipeline/test-failed-1.png | /Users/yacinebenhamou/Documents/playwrightOrion/int2-ihm-test-results/orion-pipeline/artifacts/int2-ihm-sprint13-recette--2abd8-ées-durée-persistée-en-base-orion-pipeline/video.webm | /Users/yacinebenhamou/Documents/playwrightOrion/int2-ihm-test-results/orion-pipeline/artifacts/int2-ihm-sprint13-recette--2abd8-ées-durée-persistée-en-base-orion-pipeline/error-context.md | /Users/yacinebenhamou/Documents/playwrightOrion/int2-ihm-test-results/orion-pipeline/artifacts/int2-ihm-sprint13-recette--2abd8-ées-durée-persistée-en-base-orion-pipeline/trace.zip"
"ORI-723","int2-ihm-sprint13-recette-23-batch2.spec.ts > ORI-723: Créer Contrat Intervenant - Durée Travail > AC5: Validations métier durée appliquées (max > min)","failed","passed","138","0","TypeError: _env.routes.collaboratorsList is not a function","/Users/yacinebenhamou/Documents/playwrightOrion/int2-ihm-test-results/orion-pipeline/artifacts/int2-ihm-sprint13-recette--260f2-r-durée-appliquées-max-min--orion-pipeline/test-failed-1.png | /Users/yacinebenhamou/Documents/playwrightOrion/int2-ihm-test-results/orion-pipeline/artifacts/int2-ihm-sprint13-recette--260f2-r-durée-appliquées-max-min--orion-pipeline/video.webm | /Users/yacinebenhamou/Documents/playwrightOrion/int2-ihm-test-results/orion-pipeline/artifacts/int2-ihm-sprint13-recette--260f2-r-durée-appliquées-max-min--orion-pipeline/error-context.md | /Users/yacinebenhamou/Documents/playwrightOrion/int2-ihm-test-results/orion-pipeline/artifacts/int2-ihm-sprint13-recette--260f2-r-durée-appliquées-max-min--orion-pipeline/trace.zip"
"ORI-723","int2-ihm-sprint13-recette-23-batch2.spec.ts > ORI-723: Créer Contrat Intervenant - Durée Travail > AC6: Backend expose endpoints créer/mettre à jour durées","passed","passed","118","0","",""
"ORI-745","int2-ihm-sprint13-recette-23-batch2.spec.ts > ORI-745: SP4.1 Adaptation UX Icônes, Tags, Multi-éléments > AC1: Icônes appliquées MP4 suivent design system SP4.1","passed","passed","583","0","",""
"ORI-745","int2-ihm-sprint13-recette-23-batch2.spec.ts > ORI-745: SP4.1 Adaptation UX Icônes, Tags, Multi-éléments > AC2: Tags (couleurs, tailles) cohérents avec maquettes","failed","passed","389","0","Error: [2mexpect([22m[31mreceived[39m[2m).[22mtoBeGreaterThan[2m([22m[32mexpected[39m[2m)[22m

Expected: > [32m0[39m
Received:   [31m0[39m","/Users/yacinebenhamou/Documents/playwrightOrion/int2-ihm-test-results/orion-pipeline/artifacts/int2-ihm-sprint13-recette--26a0e-es-cohérents-avec-maquettes-orion-pipeline/test-failed-1.png | /Users/yacinebenhamou/Documents/playwrightOrion/int2-ihm-test-results/orion-pipeline/artifacts/int2-ihm-sprint13-recette--26a0e-es-cohérents-avec-maquettes-orion-pipeline/video.webm | /Users/yacinebenhamou/Documents/playwrightOrion/int2-ihm-test-results/orion-pipeline/artifacts/int2-ihm-sprint13-recette--26a0e-es-cohérents-avec-maquettes-orion-pipeline/error-context.md | /Users/yacinebenhamou/Documents/playwrightOrion/int2-ihm-test-results/orion-pipeline/artifacts/int2-ihm-sprint13-recette--26a0e-es-cohérents-avec-maquettes-orion-pipeline/trace.zip"
"ORI-745","int2-ihm-sprint13-recette-23-batch2.spec.ts > ORI-745: SP4.1 Adaptation UX Icônes, Tags, Multi-éléments > AC3: Multi-éléments (chips, listes) appliquent styles SP4.1","passed","passed","391","0","",""
"ORI-745","int2-ihm-sprint13-recette-23-batch2.spec.ts > ORI-745: SP4.1 Adaptation UX Icônes, Tags, Multi-éléments > AC4: Hover/active states implémentés sur éléments interactifs","passed","passed","387","0","",""
"ORI-745","int2-ihm-sprint13-recette-23-batch2.spec.ts > ORI-745: SP4.1 Adaptation UX Icônes, Tags, Multi-éléments > AC5: Responsive design validée (mobile, tablet, desktop)","passed","passed","470","0","",""
"ORI-745","int2-ihm-sprint13-recette-23-batch2.spec.ts > ORI-745: SP4.1 Adaptation UX Icônes, Tags, Multi-éléments > AC6: Couleurs/contraste respectent normes WCAG AA","passed","passed","390","0","",""
"ORI-769","int2-ihm-sprint13-recette-23-batch2.spec.ts > ORI-769: RDV Commercial - Localisation Cartographique > AC1: Détail RDV affiche carte avec localisation","passed","passed","9326","0","",""
"ORI-769","int2-ihm-sprint13-recette-23-batch2.spec.ts > ORI-769: RDV Commercial - Localisation Cartographique > AC2: Coordonnées GPS correctement associées RDV","passed","passed","106","0","",""
"ORI-769","int2-ihm-sprint13-recette-23-batch2.spec.ts > ORI-769: RDV Commercial - Localisation Cartographique > AC3: Carte interactive (zoom, pan)","passed","passed","5489","0","",""
"ORI-769","int2-ihm-sprint13-recette-23-batch2.spec.ts > ORI-769: RDV Commercial - Localisation Cartographique > AC4: Marqueur pointe localisation exacte RDV","passed","passed","359","0","",""
"ORI-769","int2-ihm-sprint13-recette-23-batch2.spec.ts > ORI-769: RDV Commercial - Localisation Cartographique > AC5: Adresses incomplètes affichent erreur ou localisation approximative","passed","passed","90","0","",""
"ORI-769","int2-ihm-sprint13-recette-23-batch2.spec.ts > ORI-769: RDV Commercial - Localisation Cartographique > AC6: Carte charge en moins de 2s","failed","passed","2436","0","Error: [2mexpect([22m[31mreceived[39m[2m).[22mtoBeLessThan[2m([22m[32mexpected[39m[2m)[22m

Expected: < [32m2000[39m
Received:   [31m2285[39m","/Users/yacinebenhamou/Documents/playwrightOrion/int2-ihm-test-results/orion-pipeline/artifacts/int2-ihm-sprint13-recette--32191-Carte-charge-en-moins-de-2s-orion-pipeline/test-failed-1.png | /Users/yacinebenhamou/Documents/playwrightOrion/int2-ihm-test-results/orion-pipeline/artifacts/int2-ihm-sprint13-recette--32191-Carte-charge-en-moins-de-2s-orion-pipeline/video.webm | /Users/yacinebenhamou/Documents/playwrightOrion/int2-ihm-test-results/orion-pipeline/artifacts/int2-ihm-sprint13-recette--32191-Carte-charge-en-moins-de-2s-orion-pipeline/error-context.md | /Users/yacinebenhamou/Documents/playwrightOrion/int2-ihm-test-results/orion-pipeline/artifacts/int2-ihm-sprint13-recette--32191-Carte-charge-en-moins-de-2s-orion-pipeline/trace.zip"
"ORI-773","int2-ihm-sprint13-recette-23-batch2.spec.ts > ORI-773: Modifier Coordonnées Légales Siège Social > AC1: Formulaire ""Coordonnées légales"" s'affiche pour modification","failed","passed","130","0","TypeError: _env.routes.structureList is not a function","/Users/yacinebenhamou/Documents/playwrightOrion/int2-ihm-test-results/orion-pipeline/artifacts/int2-ihm-sprint13-recette--a5f95-s-affiche-pour-modification-orion-pipeline/test-failed-1.png | /Users/yacinebenhamou/Documents/playwrightOrion/int2-ihm-test-results/orion-pipeline/artifacts/int2-ihm-sprint13-recette--a5f95-s-affiche-pour-modification-orion-pipeline/video.webm | /Users/yacinebenhamou/Documents/playwrightOrion/int2-ihm-test-results/orion-pipeline/artifacts/int2-ihm-sprint13-recette--a5f95-s-affiche-pour-modification-orion-pipeline/error-context.md | /Users/yacinebenhamou/Documents/playwrightOrion/int2-ihm-test-results/orion-pipeline/artifacts/int2-ihm-sprint13-recette--a5f95-s-affiche-pour-modification-orion-pipeline/trace.zip"
"ORI-773","int2-ihm-sprint13-recette-23-batch2.spec.ts > ORI-773: Modifier Coordonnées Légales Siège Social > AC2: Champs (Rue, Code postal, Ville, Pays) tous éditables","passed","passed","32910","0","",""
"ORI-773","int2-ihm-sprint13-recette-23-batch2.spec.ts > ORI-773: Modifier Coordonnées Légales Siège Social > AC3: Validation codes postaux format français (5 chiffres)","passed","passed","2133","0","",""
"ORI-773","int2-ihm-sprint13-recette-23-batch2.spec.ts > ORI-773: Modifier Coordonnées Légales Siège Social > AC4: Géolocalisation automatique propose adresses (optionnel)","passed","passed","96","0","",""
"ORI-773","int2-ihm-sprint13-recette-23-batch2.spec.ts > ORI-773: Modifier Coordonnées Légales Siège Social > AC5: Modifications sauvegardées en base","passed","passed","7242","0","",""
"ORI-773","int2-ihm-sprint13-recette-23-batch2.spec.ts > ORI-773: Modifier Coordonnées Légales Siège Social > AC6: Historique modifications conservé (audit)","passed","passed","129","0","",""
"ORI-783","int2-ihm-sprint13-recette-23-batch2.spec.ts > ORI-783: Modifier Aspects Juridiques Établissement > AC1: Écran ""Aspects juridiques"" affiche tous champs requis","failed","passed","83","0","TypeError: _env.routes.structureList is not a function","/Users/yacinebenhamou/Documents/playwrightOrion/int2-ihm-test-results/orion-pipeline/artifacts/int2-ihm-sprint13-recette--0be37--affiche-tous-champs-requis-orion-pipeline/test-failed-1.png | /Users/yacinebenhamou/Documents/playwrightOrion/int2-ihm-test-results/orion-pipeline/artifacts/int2-ihm-sprint13-recette--0be37--affiche-tous-champs-requis-orion-pipeline/video.webm | /Users/yacinebenhamou/Documents/playwrightOrion/int2-ihm-test-results/orion-pipeline/artifacts/int2-ihm-sprint13-recette--0be37--affiche-tous-champs-requis-orion-pipeline/error-context.md | /Users/yacinebenhamou/Documents/playwrightOrion/int2-ihm-test-results/orion-pipeline/artifacts/int2-ihm-sprint13-recette--0be37--affiche-tous-champs-requis-orion-pipeline/trace.zip"
"ORI-783","int2-ihm-sprint13-recette-23-batch2.spec.ts > ORI-783: Modifier Aspects Juridiques Établissement > AC2: Champs (Forme juridique, Capital, NAF) tous éditables","passed","passed","107","0","",""
"ORI-783","int2-ihm-sprint13-recette-23-batch2.spec.ts > ORI-783: Modifier Aspects Juridiques Établissement > AC3: Codes NAF validés par API INSEE","passed","passed","95","0","",""
"ORI-783","int2-ihm-sprint13-recette-23-batch2.spec.ts > ORI-783: Modifier Aspects Juridiques Établissement > AC4: Modifications sauvegardées avec historique","passed","passed","7275","0","",""
"ORI-783","int2-ihm-sprint13-recette-23-batch2.spec.ts > ORI-783: Modifier Aspects Juridiques Établissement > AC5: Validations immuabilité (Capital non réductible)","passed","passed","2121","0","",""
"ORI-783","int2-ihm-sprint13-recette-23-batch2.spec.ts > ORI-783: Modifier Aspects Juridiques Établissement > AC6: Workflow approbation optionnel (selon rôle)","passed","passed","91","0","",""
"ORI-863","int2-ihm-sprint13-recette-23-batch2.spec.ts > ORI-863: Notifier Erreurs Suppression Interventions > AC1: Notification affichée quand suppression échoue","failed","passed","87","0","TypeError: _env.routes.planningList is not a function","/Users/yacinebenhamou/Documents/playwrightOrion/int2-ihm-test-results/orion-pipeline/artifacts/int2-ihm-sprint13-recette--2cff4-ée-quand-suppression-échoue-orion-pipeline/test-failed-1.png | /Users/yacinebenhamou/Documents/playwrightOrion/int2-ihm-test-results/orion-pipeline/artifacts/int2-ihm-sprint13-recette--2cff4-ée-quand-suppression-échoue-orion-pipeline/video.webm | /Users/yacinebenhamou/Documents/playwrightOrion/int2-ihm-test-results/orion-pipeline/artifacts/int2-ihm-sprint13-recette--2cff4-ée-quand-suppression-échoue-orion-pipeline/error-context.md | /Users/yacinebenhamou/Documents/playwrightOrion/int2-ihm-test-results/orion-pipeline/artifacts/int2-ihm-sprint13-recette--2cff4-ée-quand-suppression-échoue-orion-pipeline/trace.zip"
"ORI-863","int2-ihm-sprint13-recette-23-batch2.spec.ts > ORI-863: Notifier Erreurs Suppression Interventions > AC2: Message d'erreur décrit la raison","failed","passed","8306","0","Error: [2mexpect([22m[31mreceived[39m[2m).[22mtoBeGreaterThan[2m([22m[32mexpected[39m[2m)[22m

Expected: > [32m0[39m
Received:   [31m0[39m","/Users/yacinebenhamou/Documents/playwrightOrion/int2-ihm-test-results/orion-pipeline/artifacts/int2-ihm-sprint13-recette--c7bed-e-d-erreur-décrit-la-raison-orion-pipeline/test-failed-1.png | /Users/yacinebenhamou/Documents/playwrightOrion/int2-ihm-test-results/orion-pipeline/artifacts/int2-ihm-sprint13-recette--c7bed-e-d-erreur-décrit-la-raison-orion-pipeline/video.webm | /Users/yacinebenhamou/Documents/playwrightOrion/int2-ihm-test-results/orion-pipeline/artifacts/int2-ihm-sprint13-recette--c7bed-e-d-erreur-décrit-la-raison-orion-pipeline/error-context.md | /Users/yacinebenhamou/Documents/playwrightOrion/int2-ihm-test-results/orion-pipeline/artifacts/int2-ihm-sprint13-recette--c7bed-e-d-erreur-décrit-la-raison-orion-pipeline/trace.zip"
"ORI-863","int2-ihm-sprint13-recette-23-batch2.spec.ts > ORI-863: Notifier Erreurs Suppression Interventions > AC3: Erreurs métier vs techniques distinguées","passed","passed","123","0","",""
"ORI-863","int2-ihm-sprint13-recette-23-batch2.spec.ts > ORI-863: Notifier Erreurs Suppression Interventions > AC4: Notification inclut lien ""Voir détails"" ou ""Réessayer""","passed","passed","93","0","",""
"ORI-863","int2-ihm-sprint13-recette-23-batch2.spec.ts > ORI-863: Notifier Erreurs Suppression Interventions > AC5: Plusieurs erreurs série regroupées/listées","passed","passed","90","0","",""
"ORI-863","int2-ihm-sprint13-recette-23-batch2.spec.ts > ORI-863: Notifier Erreurs Suppression Interventions > AC6: Historique erreurs loggé","passed","passed","87","0","",""
"ORI-957","int2-ihm-sprint13-recette-23-batch2.spec.ts > ORI-957: Cartographie - Styles Maquette > AC1: Carte applique styles maquette","failed","passed","84","0","TypeError: _env.routes.mapView is not a function","/Users/yacinebenhamou/Documents/playwrightOrion/int2-ihm-test-results/orion-pipeline/artifacts/int2-ihm-sprint13-recette--0d29b-te-applique-styles-maquette-orion-pipeline/test-failed-1.png | /Users/yacinebenhamou/Documents/playwrightOrion/int2-ihm-test-results/orion-pipeline/artifacts/int2-ihm-sprint13-recette--0d29b-te-applique-styles-maquette-orion-pipeline/video.webm | /Users/yacinebenhamou/Documents/playwrightOrion/int2-ihm-test-results/orion-pipeline/artifacts/int2-ihm-sprint13-recette--0d29b-te-applique-styles-maquette-orion-pipeline/error-context.md | /Users/yacinebenhamou/Documents/playwrightOrion/int2-ihm-test-results/orion-pipeline/artifacts/int2-ihm-sprint13-recette--0d29b-te-applique-styles-maquette-orion-pipeline/trace.zip"
"ORI-957","int2-ihm-sprint13-recette-23-batch2.spec.ts > ORI-957: Cartographie - Styles Maquette > AC2: Couleurs, traits, polices respectent design","failed","passed","132","0","TypeError: _env.routes.mapView is not a function","/Users/yacinebenhamou/Documents/playwrightOrion/int2-ihm-test-results/orion-pipeline/artifacts/int2-ihm-sprint13-recette--391f9-s-polices-respectent-design-orion-pipeline/test-failed-1.png | /Users/yacinebenhamou/Documents/playwrightOrion/int2-ihm-test-results/orion-pipeline/artifacts/int2-ihm-sprint13-recette--391f9-s-polices-respectent-design-orion-pipeline/video.webm | /Users/yacinebenhamou/Documents/playwrightOrion/int2-ihm-test-results/orion-pipeline/artifacts/int2-ihm-sprint13-recette--391f9-s-polices-respectent-design-orion-pipeline/error-context.md | /Users/yacinebenhamou/Documents/playwrightOrion/int2-ihm-test-results/orion-pipeline/artifacts/int2-ihm-sprint13-recette--391f9-s-polices-respectent-design-orion-pipeline/trace.zip"
"ORI-957","int2-ihm-sprint13-recette-23-batch2.spec.ts > ORI-957: Cartographie - Styles Maquette > AC3: Interactions (hover, click, zoom) ont animations définies","failed","passed","130","0","TypeError: _env.routes.mapView is not a function","/Users/yacinebenhamou/Documents/playwrightOrion/int2-ihm-test-results/orion-pipeline/artifacts/int2-ihm-sprint13-recette--4df8f-oom-ont-animations-définies-orion-pipeline/test-failed-1.png | /Users/yacinebenhamou/Documents/playwrightOrion/int2-ihm-test-results/orion-pipeline/artifacts/int2-ihm-sprint13-recette--4df8f-oom-ont-animations-définies-orion-pipeline/video.webm | /Users/yacinebenhamou/Documents/playwrightOrion/int2-ihm-test-results/orion-pipeline/artifacts/int2-ihm-sprint13-recette--4df8f-oom-ont-animations-définies-orion-pipeline/error-context.md | /Users/yacinebenhamou/Documents/playwrightOrion/int2-ihm-test-results/orion-pipeline/artifacts/int2-ihm-sprint13-recette--4df8f-oom-ont-animations-définies-orion-pipeline/trace.zip"
"ORI-957","int2-ihm-sprint13-recette-23-batch2.spec.ts > ORI-957: Cartographie - Styles Maquette > AC4: Carte responsive (mobile → desktop)","failed","passed","114","0","TypeError: _env.routes.mapView is not a function","/Users/yacinebenhamou/Documents/playwrightOrion/int2-ihm-test-results/orion-pipeline/artifacts/int2-ihm-sprint13-recette--a8439-esponsive-mobile-→-desktop--orion-pipeline/test-failed-1.png | /Users/yacinebenhamou/Documents/playwrightOrion/int2-ihm-test-results/orion-pipeline/artifacts/int2-ihm-sprint13-recette--a8439-esponsive-mobile-→-desktop--orion-pipeline/video.webm | /Users/yacinebenhamou/Documents/playwrightOrion/int2-ihm-test-results/orion-pipeline/artifacts/int2-ihm-sprint13-recette--a8439-esponsive-mobile-→-desktop--orion-pipeline/error-context.md | /Users/yacinebenhamou/Documents/playwrightOrion/int2-ihm-test-results/orion-pipeline/artifacts/int2-ihm-sprint13-recette--a8439-esponsive-mobile-→-desktop--orion-pipeline/trace.zip"
"ORI-957","int2-ihm-sprint13-recette-23-batch2.spec.ts > ORI-957: Cartographie - Styles Maquette > AC5: Performances optimisées (rendu < 1s)","failed","passed","124","0","TypeError: _env.routes.mapView is not a function","/Users/yacinebenhamou/Documents/playwrightOrion/int2-ihm-test-results/orion-pipeline/artifacts/int2-ihm-sprint13-recette--39f25-mances-optimisées-rendu-1s--orion-pipeline/test-failed-1.png | /Users/yacinebenhamou/Documents/playwrightOrion/int2-ihm-test-results/orion-pipeline/artifacts/int2-ihm-sprint13-recette--39f25-mances-optimisées-rendu-1s--orion-pipeline/video.webm | /Users/yacinebenhamou/Documents/playwrightOrion/int2-ihm-test-results/orion-pipeline/artifacts/int2-ihm-sprint13-recette--39f25-mances-optimisées-rendu-1s--orion-pipeline/error-context.md | /Users/yacinebenhamou/Documents/playwrightOrion/int2-ihm-test-results/orion-pipeline/artifacts/int2-ihm-sprint13-recette--39f25-mances-optimisées-rendu-1s--orion-pipeline/trace.zip"
"ORI-957","int2-ihm-sprint13-recette-23-batch2.spec.ts > ORI-957: Cartographie - Styles Maquette > AC6: Tests régression visuelle passent","failed","passed","140","0","TypeError: _env.routes.mapView is not a function","/Users/yacinebenhamou/Documents/playwrightOrion/int2-ihm-test-results/orion-pipeline/artifacts/int2-ihm-sprint13-recette--c1292-régression-visuelle-passent-orion-pipeline/test-failed-1.png | /Users/yacinebenhamou/Documents/playwrightOrion/int2-ihm-test-results/orion-pipeline/artifacts/int2-ihm-sprint13-recette--c1292-régression-visuelle-passent-orion-pipeline/video.webm | /Users/yacinebenhamou/Documents/playwrightOrion/int2-ihm-test-results/orion-pipeline/artifacts/int2-ihm-sprint13-recette--c1292-régression-visuelle-passent-orion-pipeline/error-context.md | /Users/yacinebenhamou/Documents/playwrightOrion/int2-ihm-test-results/orion-pipeline/artifacts/int2-ihm-sprint13-recette--c1292-régression-visuelle-passent-orion-pipeline/trace.zip"
"ORI-1007","int2-ihm-sprint13-recette-23-batch2.spec.ts > ORI-1007: Notifier Durée Réalisation > AC1: Notification affichée si durée réelle > durée prévue","failed","passed","141","0","TypeError: _env.routes.planningList is not a function","/Users/yacinebenhamou/Documents/playwrightOrion/int2-ihm-test-results/orion-pipeline/artifacts/int2-ihm-sprint13-recette--07a4a-i-durée-réelle-durée-prévue-orion-pipeline/test-failed-1.png | /Users/yacinebenhamou/Documents/playwrightOrion/int2-ihm-test-results/orion-pipeline/artifacts/int2-ihm-sprint13-recette--07a4a-i-durée-réelle-durée-prévue-orion-pipeline/video.webm | /Users/yacinebenhamou/Documents/playwrightOrion/int2-ihm-test-results/orion-pipeline/artifacts/int2-ihm-sprint13-recette--07a4a-i-durée-réelle-durée-prévue-orion-pipeline/error-context.md | /Users/yacinebenhamou/Documents/playwrightOrion/int2-ihm-test-results/orion-pipeline/artifacts/int2-ihm-sprint13-recette--07a4a-i-durée-réelle-durée-prévue-orion-pipeline/trace.zip"
"ORI-1007","int2-ihm-sprint13-recette-23-batch2.spec.ts > ORI-1007: Notifier Durée Réalisation > AC2: Notification inclut valeurs (prévue vs réelle)","passed","passed","8277","0","",""
"ORI-1007","int2-ihm-sprint13-recette-23-batch2.spec.ts > ORI-1007: Notifier Durée Réalisation > AC3: Collaborateur peut confirmer/réfuter notification","passed","passed","98","0","",""
"ORI-1007","int2-ihm-sprint13-recette-23-batch2.spec.ts > ORI-1007: Notifier Durée Réalisation > AC4: Notifications dépassement tracées (audit)","passed","passed","88","0","",""
"ORI-1007","int2-ihm-sprint13-recette-23-batch2.spec.ts > ORI-1007: Notifier Durée Réalisation > AC5: Rapport synthétique dépassements disponible","passed","passed","92","0","",""
"ORI-1007","int2-ihm-sprint13-recette-23-batch2.spec.ts > ORI-1007: Notifier Durée Réalisation > AC6: Seuils notification configurables par domaine","passed","passed","112","0","",""
"ORI-1007","int2-ihm-sprint13-recette-23-batch2.spec.ts > ORI-1007: Notifier Durée Réalisation > AC7: Notification persistée en session","passed","passed","86","0","",""
"ORI-1007","int2-ihm-sprint13-recette-23-batch2.spec.ts > ORI-1007: Notifier Durée Réalisation > AC8: Webhook/événement envoyé si seuil dépassé","passed","passed","73","0","",""
"ORI-1044","int2-ihm-sprint13-recette-23-batch2.spec.ts > ORI-1044: Notifier Création Agence (Backend) > AC1: Événement déclenché création agence","passed","passed","85","0","",""
"ORI-1044","int2-ihm-sprint13-recette-23-batch2.spec.ts > ORI-1044: Notifier Création Agence (Backend) > AC2: Événement déclenché modification agence","passed","passed","80","0","",""
"ORI-1044","int2-ihm-sprint13-recette-23-batch2.spec.ts > ORI-1044: Notifier Création Agence (Backend) > AC3: Événements incluent données clés (ID, Nom, Coordonnées, Modifications)","passed","passed","87","0","",""
"ORI-1044","int2-ihm-sprint13-recette-23-batch2.spec.ts > ORI-1044: Notifier Création Agence (Backend) > AC4: Événements publiés à broker (Kafka, RabbitMQ)","passed","passed","77","0","",""
"ORI-1044","int2-ihm-sprint13-recette-23-batch2.spec.ts > ORI-1044: Notifier Création Agence (Backend) > AC5: Abonnés (CRM, Planning) reçoivent notifications","passed","passed","79","0","",""
"ORI-1044","int2-ihm-sprint13-recette-23-batch2.spec.ts > ORI-1044: Notifier Création Agence (Backend) > AC6: Notifications tracées et persistées audit","passed","passed","80","0","",""
"ORI-1062","int2-ihm-sprint13-recette-23-batch2.spec.ts > ORI-1062: Cartographie Drawer RDV Commercial > AC1: Drawer consultation RDV inclut carte","passed","passed","406","0","",""
"ORI-1062","int2-ihm-sprint13-recette-23-batch2.spec.ts > ORI-1062: Cartographie Drawer RDV Commercial > AC2: Carte affiche localisation RDV","passed","passed","91","0","",""
"ORI-1062","int2-ihm-sprint13-recette-23-batch2.spec.ts > ORI-1062: Cartographie Drawer RDV Commercial > AC3: Carte zoomable, panning possible","passed","passed","8101","0","",""
"ORI-1062","int2-ihm-sprint13-recette-23-batch2.spec.ts > ORI-1062: Cartographie Drawer RDV Commercial > AC4: Performances optimisées (ne bloque pas drawer)","failed","passed","2439","0","Error: [2mexpect([22m[31mreceived[39m[2m).[22mtoBeLessThan[2m([22m[32mexpected[39m[2m)[22m

Expected: < [32m2000[39m
Received:   [31m2284[39m","/Users/yacinebenhamou/Documents/playwrightOrion/int2-ihm-test-results/orion-pipeline/artifacts/int2-ihm-sprint13-recette--f5d98-isées-ne-bloque-pas-drawer--orion-pipeline/test-failed-1.png | /Users/yacinebenhamou/Documents/playwrightOrion/int2-ihm-test-results/orion-pipeline/artifacts/int2-ihm-sprint13-recette--f5d98-isées-ne-bloque-pas-drawer--orion-pipeline/video.webm | /Users/yacinebenhamou/Documents/playwrightOrion/int2-ihm-test-results/orion-pipeline/artifacts/int2-ihm-sprint13-recette--f5d98-isées-ne-bloque-pas-drawer--orion-pipeline/error-context.md | /Users/yacinebenhamou/Documents/playwrightOrion/int2-ihm-test-results/orion-pipeline/artifacts/int2-ihm-sprint13-recette--f5d98-isées-ne-bloque-pas-drawer--orion-pipeline/trace.zip"
"ORI-1062","int2-ihm-sprint13-recette-23-batch2.spec.ts > ORI-1062: Cartographie Drawer RDV Commercial > AC5: Carte responsive (mobile friendly)","passed","passed","360","0","",""
"ORI-1062","int2-ihm-sprint13-recette-23-batch2.spec.ts > ORI-1062: Cartographie Drawer RDV Commercial > AC6: Adresses invalides affichent erreur gracieuse","passed","passed","91","0","",""
"ORI-1064","int2-ihm-sprint13-recette-23-batch2.spec.ts > ORI-1064: Flux Inter-domaine Client Planning > AC1: Client créé/modifié MP4 → flux sent à MP5","passed","passed","89","0","",""
"ORI-1064","int2-ihm-sprint13-recette-23-batch2.spec.ts > ORI-1064: Flux Inter-domaine Client Planning > AC2: Données essentielles incluses (ID, Nom, Coordonnées, Agence)","passed","passed","85","0","",""
"ORI-1064","int2-ihm-sprint13-recette-23-batch2.spec.ts > ORI-1064: Flux Inter-domaine Client Planning > AC3: Flux respecte schéma défini par MP5","passed","passed","88","0","",""
"ORI-1064","int2-ihm-sprint13-recette-23-batch2.spec.ts > ORI-1064: Flux Inter-domaine Client Planning > AC4: Erreurs envoi loggées et retentées","passed","passed","80","0","",""
"ORI-1064","int2-ihm-sprint13-recette-23-batch2.spec.ts > ORI-1064: Flux Inter-domaine Client Planning > AC5: Circuit-breaker prévient surcharges","passed","passed","86","0","",""
"ORI-1064","int2-ihm-sprint13-recette-23-batch2.spec.ts > ORI-1064: Flux Inter-domaine Client Planning > AC6: Événements idempotents (même événement != doublon)","passed","passed","80","0","",""
"ORI-1064","int2-ihm-sprint13-recette-23-batch2.spec.ts > ORI-1064: Flux Inter-domaine Client Planning > AC7: Delta tracking (changements inclus)","passed","passed","79","0","",""
"ORI-1064","int2-ihm-sprint13-recette-23-batch2.spec.ts > ORI-1064: Flux Inter-domaine Client Planning > AC8: Monitoring/alertes sur flux failure","passed","passed","80","0","",""
"ORI-1065","int2-ihm-sprint13-recette-23-batch2.spec.ts > ORI-1065: Consulter Liste Options > AC1: Liste affiche toutes options catalogue","failed","passed","399","0","Error: [2mexpect([22m[31mreceived[39m[2m).[22mtoBeTruthy[2m()[22m

Received: [31mfalse[39m","/Users/yacinebenhamou/Documents/playwrightOrion/int2-ihm-test-results/orion-pipeline/artifacts/int2-ihm-sprint13-recette--65e52-he-toutes-options-catalogue-orion-pipeline/test-failed-1.png | /Users/yacinebenhamou/Documents/playwrightOrion/int2-ihm-test-results/orion-pipeline/artifacts/int2-ihm-sprint13-recette--65e52-he-toutes-options-catalogue-orion-pipeline/video.webm | /Users/yacinebenhamou/Documents/playwrightOrion/int2-ihm-test-results/orion-pipeline/artifacts/int2-ihm-sprint13-recette--65e52-he-toutes-options-catalogue-orion-pipeline/error-context.md | /Users/yacinebenhamou/Documents/playwrightOrion/int2-ihm-test-results/orion-pipeline/artifacts/int2-ihm-sprint13-recette--65e52-he-toutes-options-catalogue-orion-pipeline/trace.zip"
"ORI-1065","int2-ihm-sprint13-recette-23-batch2.spec.ts > ORI-1065: Consulter Liste Options > AC2: Liste paginée (50 items/page) ou scrollable","passed","passed","127","0","",""
"ORI-1065","int2-ihm-sprint13-recette-23-batch2.spec.ts > ORI-1065: Consulter Liste Options > AC3: Colonnes (ID, Nom, Prix, Famille, Statut) affichées","passed","passed","99","0","",""
"ORI-1066","int2-ihm-sprint13-recette-23-batch2.spec.ts > ORI-1066: Intégration Plage Horaires Fiche Client > AC1: Composant plage horaires intègre correctement fiche client","passed","passed","1683","0","",""
"ORI-1066","int2-ihm-sprint13-recette-23-batch2.spec.ts > ORI-1066: Intégration Plage Horaires Fiche Client > AC2: Plages horaires existantes s'affichent correctement","passed","passed","99","0","",""
"ORI-1066","int2-ihm-sprint13-recette-23-batch2.spec.ts > ORI-1066: Intégration Plage Horaires Fiche Client > AC3: Ajout/modification/suppression plages fonctionne","passed","passed","6232","0","",""
"ORI-1066","int2-ihm-sprint13-recette-23-batch2.spec.ts > ORI-1066: Intégration Plage Horaires Fiche Client > AC4: Validations appliquées (pas de chevauchement)","passed","passed","107","0","",""
"ORI-1066","int2-ihm-sprint13-recette-23-batch2.spec.ts > ORI-1066: Intégration Plage Horaires Fiche Client > AC5: Données plages horaires persistées","passed","passed","7256","0","",""
"ORI-1066","int2-ihm-sprint13-recette-23-batch2.spec.ts > ORI-1066: Intégration Plage Horaires Fiche Client > AC6: Composant responsive et accessible","passed","passed","98","0","",""
"ORI-1067","int2-ihm-sprint13-recette-23-batch2.spec.ts > ORI-1067: Créer Option Catalogue > AC1: Formulaire création option s'affiche correctement","passed","passed","1207","0","",""
"ORI-1067","int2-ihm-sprint13-recette-23-batch2.spec.ts > ORI-1067: Créer Option Catalogue > AC2: Champs requis (Nom, Prix, Famille, Description) présents","passed","passed","97","0","",""
"ORI-1067","int2-ihm-sprint13-recette-23-batch2.spec.ts > ORI-1067: Créer Option Catalogue > AC3: Validations appliquées (nom unique, prix > 0)","passed","passed","2096","0","",""
"ORI-1067","int2-ihm-sprint13-recette-23-batch2.spec.ts > ORI-1067: Créer Option Catalogue > AC4: Option créée s'ajoute à liste avec succès","failed","passed","8079","0","TimeoutError: locator.fill: Timeout 8000ms exceeded.
Call log:
[2m  - waiting for locator('input[placeholder*=""Nom""]').first()[22m
","/Users/yacinebenhamou/Documents/playwrightOrion/int2-ihm-test-results/orion-pipeline/artifacts/int2-ihm-sprint13-recette--86f25--ajoute-à-liste-avec-succès-orion-pipeline/test-failed-1.png | /Users/yacinebenhamou/Documents/playwrightOrion/int2-ihm-test-results/orion-pipeline/artifacts/int2-ihm-sprint13-recette--86f25--ajoute-à-liste-avec-succès-orion-pipeline/video.webm | /Users/yacinebenhamou/Documents/playwrightOrion/int2-ihm-test-results/orion-pipeline/artifacts/int2-ihm-sprint13-recette--86f25--ajoute-à-liste-avec-succès-orion-pipeline/error-context.md | /Users/yacinebenhamou/Documents/playwrightOrion/int2-ihm-test-results/orion-pipeline/artifacts/int2-ihm-sprint13-recette--86f25--ajoute-à-liste-avec-succès-orion-pipeline/trace.zip"
"ORI-1067","int2-ihm-sprint13-recette-23-batch2.spec.ts > ORI-1067: Créer Option Catalogue > AC5: Notification succès affichée","passed","passed","125","0","",""
"ORI-1067","int2-ihm-sprint13-recette-23-batch2.spec.ts > ORI-1067: Créer Option Catalogue > AC6: Utilisateur peut créer plusieurs en succession (sans rafraîchissement)","failed","passed","13402","0","TimeoutError: locator.fill: Timeout 8000ms exceeded.
Call log:
[2m  - waiting for locator('input[placeholder*=""Nom""]').first()[22m
","/Users/yacinebenhamou/Documents/playwrightOrion/int2-ihm-test-results/orion-pipeline/artifacts/int2-ihm-sprint13-recette--272c3-sion-sans-rafraîchissement--orion-pipeline/test-failed-1.png | /Users/yacinebenhamou/Documents/playwrightOrion/int2-ihm-test-results/orion-pipeline/artifacts/int2-ihm-sprint13-recette--272c3-sion-sans-rafraîchissement--orion-pipeline/video.webm | /Users/yacinebenhamou/Documents/playwrightOrion/int2-ihm-test-results/orion-pipeline/artifacts/int2-ihm-sprint13-recette--272c3-sion-sans-rafraîchissement--orion-pipeline/error-context.md | /Users/yacinebenhamou/Documents/playwrightOrion/int2-ihm-test-results/orion-pipeline/artifacts/int2-ihm-sprint13-recette--272c3-sion-sans-rafraîchissement--orion-pipeline/trace.zip"
"ORI-1067","int2-ihm-sprint13-recette-23-batch2.spec.ts > ORI-1067: Créer Option Catalogue > AC7: Reset formulaire après création réussie","passed","passed","118","0","",""
"ORI-1067","int2-ihm-sprint13-recette-23-batch2.spec.ts > ORI-1067: Créer Option Catalogue > AC8: Données persistées en base (vérification API)","passed","passed","83","0","",""
"ORI-1068","int2-ihm-sprint13-recette-23-batch2.spec.ts > ORI-1068: Qualifier Besoin Client > AC1: Formulaire ""Qualifier besoin"" s'affiche en fiche client","passed","passed","7793","0","",""
"ORI-1068","int2-ihm-sprint13-recette-23-batch2.spec.ts > ORI-1068: Qualifier Besoin Client > AC2: Champs qualification (Priorité, Type besoin, Budget, Urgence) présents","passed","passed","101","0","",""
"ORI-1068","int2-ihm-sprint13-recette-23-batch2.spec.ts > ORI-1068: Qualifier Besoin Client > AC3: Données validées côté client et serveur","passed","passed","2122","0","",""
"ORI-1072","int2-ihm-sprint13-recette-23-batch2.spec.ts > ORI-1072: Frontend Consulter Liste Options > AC1: Liste options charge rapidement (< 2s)","passed","passed","1456","0","",""
"ORI-1072","int2-ihm-sprint13-recette-23-batch2.spec.ts > ORI-1072: Frontend Consulter Liste Options > AC2: Tableau responsive (mobile, tablet, desktop)","passed","passed","349","0","",""
"ORI-1072","int2-ihm-sprint13-recette-23-batch2.spec.ts > ORI-1072: Frontend Consulter Liste Options > AC3: Colonnes resizable et ordonnables","passed","passed","306","0","",""
"ORI-1072","int2-ihm-sprint13-recette-23-batch2.spec.ts > ORI-1072: Frontend Consulter Liste Options > AC4: Filtres et recherche UX-friendly","passed","passed","201","0","",""
"ORI-1072","int2-ihm-sprint13-recette-23-batch2.spec.ts > ORI-1072: Frontend Consulter Liste Options > AC5: Paginator fonctionne correctement","passed","passed","293","0","",""
"ORI-1072","int2-ihm-sprint13-recette-23-batch2.spec.ts > ORI-1072: Frontend Consulter Liste Options > AC6: Styles suivent design system SP4.1","passed","passed","1612","0","",""
"ORI-1073","int2-ihm-sprint13-recette-23-batch2.spec.ts > ORI-1073: Frontend Créer Option > AC1: Formulaire création affiché clair et intuitif","passed","passed","1191","0","",""
"ORI-1073","int2-ihm-sprint13-recette-23-batch2.spec.ts > ORI-1073: Frontend Créer Option > AC2: Validation client affiche erreurs temps réel","failed","passed","8279","0","TimeoutError: locator.focus: Timeout 8000ms exceeded.
Call log:
[2m  - waiting for locator('input[placeholder*=""Nom""]').first()[22m
","/Users/yacinebenhamou/Documents/playwrightOrion/int2-ihm-test-results/orion-pipeline/artifacts/int2-ihm-sprint13-recette--901b9--affiche-erreurs-temps-réel-orion-pipeline/test-failed-1.png | /Users/yacinebenhamou/Documents/playwrightOrion/int2-ihm-test-results/orion-pipeline/artifacts/int2-ihm-sprint13-recette--901b9--affiche-erreurs-temps-réel-orion-pipeline/video.webm | /Users/yacinebenhamou/Documents/playwrightOrion/int2-ihm-test-results/orion-pipeline/artifacts/int2-ihm-sprint13-recette--901b9--affiche-erreurs-temps-réel-orion-pipeline/error-context.md | /Users/yacinebenhamou/Documents/playwrightOrion/int2-ihm-test-results/orion-pipeline/artifacts/int2-ihm-sprint13-recette--901b9--affiche-erreurs-temps-réel-orion-pipeline/trace.zip"
"ORI-1073","int2-ihm-sprint13-recette-23-batch2.spec.ts > ORI-1073: Frontend Créer Option > AC3: Champs requis ont indication visuelle (*)","passed","passed","109","0","",""
"ORI-1095","int2-ihm-sprint13-recette-23-batch2.spec.ts > ORI-1095: Notifier Création Société (Backend) > AC1: Événement déclenché création société","passed","passed","83","0","",""
"ORI-1095","int2-ihm-sprint13-recette-23-batch2.spec.ts > ORI-1095: Notifier Création Société (Backend) > AC2: Événement déclenché modification société","passed","passed","85","0","",""
"ORI-1095","int2-ihm-sprint13-recette-23-batch2.spec.ts > ORI-1095: Notifier Création Société (Backend) > AC3: Événements incluent données clés et changements","passed","passed","87","0","",""
"ORI-1096","int2-ihm-sprint13-recette-23-batch2.spec.ts > ORI-1096: Notifier Création Établissement (Backend) > AC1: Événement déclenché création établissement","passed","passed","102","0","",""
"ORI-1096","int2-ihm-sprint13-recette-23-batch2.spec.ts > ORI-1096: Notifier Création Établissement (Backend) > AC2: Événement déclenché modification établissement","passed","passed","82","0","",""
"ORI-1096","int2-ihm-sprint13-recette-23-batch2.spec.ts > ORI-1096: Notifier Création Établissement (Backend) > AC3: Événements incluent données clés et changements","passed","passed","85","0","",""
"ORI-368","int2-ihm-sprint13-recette-23.spec.ts > ORI-368: Tableau Besoins - Description & Colonnes > AC1: Le tableau Besoins affiche les colonnes obligatoires","failed","passed","9059","0","Error: [2mexpect([22m[31mreceived[39m[2m).[22mtoBeTruthy[2m()[22m

Received: [31mfalse[39m","/Users/yacinebenhamou/Documents/playwrightOrion/int2-ihm-test-results/orion-pipeline/artifacts/int2-ihm-sprint13-recette--79c87-e-les-colonnes-obligatoires-orion-pipeline/test-failed-1.png | /Users/yacinebenhamou/Documents/playwrightOrion/int2-ihm-test-results/orion-pipeline/artifacts/int2-ihm-sprint13-recette--79c87-e-les-colonnes-obligatoires-orion-pipeline/video.webm | /Users/yacinebenhamou/Documents/playwrightOrion/int2-ihm-test-results/orion-pipeline/artifacts/int2-ihm-sprint13-recette--79c87-e-les-colonnes-obligatoires-orion-pipeline/error-context.md | /Users/yacinebenhamou/Documents/playwrightOrion/int2-ihm-test-results/orion-pipeline/artifacts/int2-ihm-sprint13-recette--79c87-e-les-colonnes-obligatoires-orion-pipeline/trace.zip"
"ORI-368","int2-ihm-sprint13-recette-23.spec.ts > ORI-368: Tableau Besoins - Description & Colonnes > AC2: Les colonnes sont correctement alignées et redimensionnables","passed","passed","12050","0","",""
"ORI-368","int2-ihm-sprint13-recette-23.spec.ts > ORI-368: Tableau Besoins - Description & Colonnes > AC3: Description du tableau affichée","failed","passed","20147","0","Error: [2mexpect([22m[31mreceived[39m[2m).[22mtoBeTruthy[2m()[22m

Received: [31mfalse[39m","/Users/yacinebenhamou/Documents/playwrightOrion/int2-ihm-test-results/orion-pipeline/artifacts/int2-ihm-sprint13-recette--4ffde-ription-du-tableau-affichée-orion-pipeline/test-failed-1.png | /Users/yacinebenhamou/Documents/playwrightOrion/int2-ihm-test-results/orion-pipeline/artifacts/int2-ihm-sprint13-recette--4ffde-ription-du-tableau-affichée-orion-pipeline/video.webm | /Users/yacinebenhamou/Documents/playwrightOrion/int2-ihm-test-results/orion-pipeline/artifacts/int2-ihm-sprint13-recette--4ffde-ription-du-tableau-affichée-orion-pipeline/error-context.md | /Users/yacinebenhamou/Documents/playwrightOrion/int2-ihm-test-results/orion-pipeline/artifacts/int2-ihm-sprint13-recette--4ffde-ription-du-tableau-affichée-orion-pipeline/trace.zip"
"ORI-368","int2-ihm-sprint13-recette-23.spec.ts > ORI-368: Tableau Besoins - Description & Colonnes > AC4: Les données de besoins se chargent depuis API","passed","passed","11053","0","",""
"ORI-368","int2-ihm-sprint13-recette-23.spec.ts > ORI-368: Tableau Besoins - Description & Colonnes > AC5: Le tableau supporte pagination ou scroll","passed","passed","12066","0","",""
"ORI-368","int2-ihm-sprint13-recette-23.spec.ts > ORI-368: Tableau Besoins - Description & Colonnes > AC6: Styles correspondent à maquette SP4.1","passed","passed","12173","0","",""
"ORI-657","int2-ihm-sprint13-recette-23.spec.ts > ORI-657: Modifier Famille Produits > AC1: Écran modification chargé correctement","passed","passed","1825","0","",""
"ORI-657","int2-ihm-sprint13-recette-23.spec.ts > ORI-657: Modifier Famille Produits > AC2: Tous les champs modifiables sont présents et éditables","passed","passed","327","0","",""
"ORI-657","int2-ihm-sprint13-recette-23.spec.ts > ORI-657: Modifier Famille Produits > AC3: Validation des champs obligatoires","passed","passed","1920","0","",""
"ORI-657","int2-ihm-sprint13-recette-23.spec.ts > ORI-657: Modifier Famille Produits > AC4: Les modifications sont sauvegardées avec succès","passed","passed","364","0","",""
"ORI-657","int2-ihm-sprint13-recette-23.spec.ts > ORI-657: Modifier Famille Produits > AC5: Notification de succès après sauvegarde","passed","passed","346","0","",""
"ORI-657","int2-ihm-sprint13-recette-23.spec.ts > ORI-657: Modifier Famille Produits > AC6: Les doublons de nom sont rejetés avec erreur","passed","passed","1680","0","",""
"ORI-667","int2-ihm-sprint13-recette-23.spec.ts > ORI-667: Zones de Filtres Besoins > AC1: Les zones de filtres saffichent correctement","failed","passed","12619","0","Error: [2mexpect([22m[31mreceived[39m[2m).[22mtoBeTruthy[2m()[22m

Received: [31mfalse[39m","/Users/yacinebenhamou/Documents/playwrightOrion/int2-ihm-test-results/orion-pipeline/artifacts/int2-ihm-sprint13-recette--62180-res-saffichent-correctement-orion-pipeline/test-failed-1.png | /Users/yacinebenhamou/Documents/playwrightOrion/int2-ihm-test-results/orion-pipeline/artifacts/int2-ihm-sprint13-recette--62180-res-saffichent-correctement-orion-pipeline/video.webm | /Users/yacinebenhamou/Documents/playwrightOrion/int2-ihm-test-results/orion-pipeline/artifacts/int2-ihm-sprint13-recette--62180-res-saffichent-correctement-orion-pipeline/error-context.md | /Users/yacinebenhamou/Documents/playwrightOrion/int2-ihm-test-results/orion-pipeline/artifacts/int2-ihm-sprint13-recette--62180-res-saffichent-correctement-orion-pipeline/trace.zip"
"ORI-667","int2-ihm-sprint13-recette-23.spec.ts > ORI-667: Zones de Filtres Besoins > AC2: Les filtres permettent de filtrer (Statut, Date, Type)","passed","passed","12368","0","",""
"ORI-667","int2-ihm-sprint13-recette-23.spec.ts > ORI-667: Zones de Filtres Besoins > AC3: Résultats se mettent à jour dynamiquement lors filtrage","passed","passed","12944","0","",""
"ORI-667","int2-ihm-sprint13-recette-23.spec.ts > ORI-667: Zones de Filtres Besoins > AC4: Les filtres peuvent être réinitialisés facilement","passed","passed","12360","0","",""
"ORI-667","int2-ihm-sprint13-recette-23.spec.ts > ORI-667: Zones de Filtres Besoins > AC5: Zones filtres responsives sur mobile","passed","passed","12741","0","",""
"ORI-667","int2-ihm-sprint13-recette-23.spec.ts > ORI-667: Zones de Filtres Besoins > AC6: Aucun débordement ou overflow observé","passed","passed","12569","0","",""
"ORI-773","orion-autonomous-catalog.spec.ts > ORI-PIPELINE-AUTONOMOUS: Exécution dynamique de la matrice Excel > ORI-773 - CT-STE-COORD-01 [R5]: Ouverture modale et pre-remplissage des champs","passed","passed","3796","0","","CT-STE-COORD-01-evidence.png"
"ORI-773","orion-autonomous-catalog.spec.ts > ORI-PIPELINE-AUTONOMOUS: Exécution dynamique de la matrice Excel > ORI-773 - CT-STE-COORD-02 [R6]: Modification et enregistrement nominal","passed","passed","12031","0","","CT-STE-COORD-02-evidence.png"
"ORI-773","orion-autonomous-catalog.spec.ts > ORI-PIPELINE-AUTONOMOUS: Exécution dynamique de la matrice Excel > ORI-773 - CT-STE-COORD-03 [R7]: Heritage adresse vers etablissements principaux (RG_STE_ADRESS_HERIT_ETAB)","passed","passed","6372","0","","CT-STE-COORD-03-evidence.png"
"ORI-773","orion-autonomous-catalog.spec.ts > ORI-PIPELINE-AUTONOMOUS: Exécution dynamique de la matrice Excel > ORI-773 - CT-STE-COORD-04 [R8]: Controles champs obligatoires NULL sur societe Active (RG_STE_Modif)","passed","passed","6485","0","","CT-STE-COORD-04-evidence.png"
"ORI-773","orion-autonomous-catalog.spec.ts > ORI-PIPELINE-AUTONOMOUS: Exécution dynamique de la matrice Excel > ORI-773 - CT-STE-COORD-05 [R9]: Controle SIREN: unicite + cle de Luhn + lien API SIRENE","passed","passed","19105","0","","CT-STE-COORD-05-evidence.png"
"ORI-773","orion-autonomous-catalog.spec.ts > ORI-PIPELINE-AUTONOMOUS: Exécution dynamique de la matrice Excel > ORI-773 - CT-STE-COORD-06 [R10]: Bouton Suivant: navigation multi-etapes sans enregistrement","passed","passed","8734","0","","CT-STE-COORD-06-evidence.png"
"ORI-773","orion-autonomous-catalog.spec.ts > ORI-PIPELINE-AUTONOMOUS: Exécution dynamique de la matrice Excel > ORI-773 - CT-STE-COORD-07 [R11]: Calcul etat de la fiche apres modification (RG_STE_ETATFICHE_01)","passed","passed","7771","0","","CT-STE-COORD-07-evidence.png"
"ORI-773","orion-autonomous-catalog.spec.ts > ORI-PIPELINE-AUTONOMOUS: Exécution dynamique de la matrice Excel > ORI-773 - CT-STE-COORD-08 [R12]: Controles de format: longueur max, email, telephone","passed","passed","23124","0","","CT-STE-COORD-08-evidence.png"
"ORI-783","orion-autonomous-catalog.spec.ts > ORI-PIPELINE-AUTONOMOUS: Exécution dynamique de la matrice Excel > ORI-783 - CT-ETAB-01 [R14]: Ouverture modale + pre-remplissage Aspects Juridiques","passed","passed","3741","0","","CT-ETAB-01-evidence.png"
"ORI-783","orion-autonomous-catalog.spec.ts > ORI-PIPELINE-AUTONOMOUS: Exécution dynamique de la matrice Excel > ORI-783 - CT-ETAB-02 [R15]: Modification et enregistrement nominal (etab INACTIF)","passed","passed","11799","0","","CT-ETAB-02-evidence.png"
"ORI-783","orion-autonomous-catalog.spec.ts > ORI-PIPELINE-AUTONOMOUS: Exécution dynamique de la matrice Excel > ORI-783 - CT-ETAB-03 [R16]: Controle SIRET: unicite + lien Completer via SIRET","passed","passed","19376","0","","CT-ETAB-03-evidence.png"
"ORI-783","orion-autonomous-catalog.spec.ts > ORI-PIPELINE-AUTONOMOUS: Exécution dynamique de la matrice Excel > ORI-783 - CT-ETAB-04 [R17]: Champs obligatoires NULL sur etab ACTIF (RG_ETAB_Modif)","passed","passed","6222","0","","CT-ETAB-04-evidence.png"
"ORI-783","orion-autonomous-catalog.spec.ts > ORI-PIPELINE-AUTONOMOUS: Exécution dynamique de la matrice Excel > ORI-783 - CT-ETAB-05 [R18]: SIRET verrouille sur etab ACTIF (RG_ETAB_SIRET_MODIF_INTERDITE_SI_ACTIF)","passed","passed","7520","0","","CT-ETAB-05-evidence.png"
"ORI-783","orion-autonomous-catalog.spec.ts > ORI-PIPELINE-AUTONOMOUS: Exécution dynamique de la matrice Excel > ORI-783 - CT-ETAB-06 [R19]: Changement type Principal + protection si deja un principal (RG_ETAB_CHG_PRINCIPAL)","passed","passed","7188","0","","CT-ETAB-06-evidence.png"
"ORI-783","orion-autonomous-catalog.spec.ts > ORI-PIPELINE-AUTONOMOUS: Exécution dynamique de la matrice Excel > ORI-783 - CT-ETAB-07 [R20]: Heritage inactivation parent + blocage ACTIF vers INACTIF","passed","passed","7277","0","","CT-ETAB-07-evidence.png"
"ORI-783","orion-autonomous-catalog.spec.ts > ORI-PIPELINE-AUTONOMOUS: Exécution dynamique de la matrice Excel > ORI-783 - CT-ETAB-08 [R21]: Bouton Suivant + Calcul etat fiche (RG_ETAB_ETATFICHE_01)","passed","passed","7968","0","","CT-ETAB-08-evidence.png"
"ORI-783","orion-autonomous-catalog.spec.ts > ORI-PIPELINE-AUTONOMOUS: Exécution dynamique de la matrice Excel > ORI-783 - CT-ETAB-09 [R22]: Controles format: longueur max, dates, alphanumeriques","passed","passed","18947","0","","CT-ETAB-09-evidence.png"
"ORI-871","orion-autonomous-catalog.spec.ts > ORI-PIPELINE-AUTONOMOUS: Exécution dynamique de la matrice Excel > ORI-871 - CT-HAB-F5-01 [R24]: SC1: Premiere modification - compteur apparait a 1","skipped","skipped","1980","0","","CT-HAB-F5-01-blocked.png"
"ORI-871","orion-autonomous-catalog.spec.ts > ORI-PIPELINE-AUTONOMOUS: Exécution dynamique de la matrice Excel > ORI-871 - CT-HAB-F5-02 [R25]: SC2: Incrementation compteur - modification droit fin","skipped","skipped","1895","0","","CT-HAB-F5-02-blocked.png"
"ORI-871","orion-autonomous-catalog.spec.ts > ORI-PIPELINE-AUTONOMOUS: Exécution dynamique de la matrice Excel > ORI-871 - CT-HAB-F5-03 [R26]: SC3: Incrementation compteur - modification droit special","skipped","skipped","1901","0","","CT-HAB-F5-03-blocked.png"
"ORI-871","orion-autonomous-catalog.spec.ts > ORI-PIPELINE-AUTONOMOUS: Exécution dynamique de la matrice Excel > ORI-871 - CT-HAB-F5-04 [R27]: SC4: Decrementation compteur - retour a l etat initial","skipped","skipped","1877","0","","CT-HAB-F5-04-blocked.png"
"ORI-871","orion-autonomous-catalog.spec.ts > ORI-PIPELINE-AUTONOMOUS: Exécution dynamique de la matrice Excel > ORI-871 - CT-HAB-F5-05 [R28]: SC5: Compteur +2 - auto-elevation droit maitre (passage Lecture seule)","skipped","skipped","1899","0","","CT-HAB-F5-05-blocked.png"
"ORI-871","orion-autonomous-catalog.spec.ts > ORI-PIPELINE-AUTONOMOUS: Exécution dynamique de la matrice Excel > ORI-871 - CT-HAB-F5-06 [R29]: SC6: Compteur +2 - auto-elevation droit maitre (passage Lecture/Ecriture)","skipped","skipped","1916","0","","CT-HAB-F5-06-blocked.png"
"ORI-871","orion-autonomous-catalog.spec.ts > ORI-PIPELINE-AUTONOMOUS: Exécution dynamique de la matrice Excel > ORI-871 - CT-HAB-F5-07 [R30]: SC7: Droit special - pas d impact sur le droit maitre","skipped","skipped","1867","0","","CT-HAB-F5-07-blocked.png"
"ORI-871","orion-autonomous-catalog.spec.ts > ORI-PIPELINE-AUTONOMOUS: Exécution dynamique de la matrice Excel > ORI-871 - CT-HAB-F5-08 [R31]: SC8: Compteur = ecart par rapport a etat initial (pas cumul d actions)","skipped","skipped","1910","0","","CT-HAB-F5-08-blocked.png"
"ORI-872","orion-autonomous-catalog.spec.ts > ORI-PIPELINE-AUTONOMOUS: Exécution dynamique de la matrice Excel > ORI-872 - CT-HAB-F1-01 [R33]: SC1+SC2: Affichage bloc en-tete en Lecture/Ecriture (sans et avec profil inclus)","skipped","skipped","1877","0","","CT-HAB-F1-01-blocked.png"
"ORI-872","orion-autonomous-catalog.spec.ts > ORI-PIPELINE-AUTONOMOUS: Exécution dynamique de la matrice Excel > ORI-872 - CT-HAB-F1-02 [R34]: SC3+SC4: Affichage bloc en-tete en Lecture seule (boutons absents)","skipped","skipped","1913","0","","CT-HAB-F1-02-blocked.png"
"ORI-872","orion-autonomous-catalog.spec.ts > ORI-PIPELINE-AUTONOMOUS: Exécution dynamique de la matrice Excel > ORI-872 - CT-HAB-F1-03 [R35]: SC5: Clic bouton Modifier -> ouverture modale modification profil","skipped","skipped","1904","0","","CT-HAB-F1-03-blocked.png"
"ORI-872","orion-autonomous-catalog.spec.ts > ORI-PIPELINE-AUTONOMOUS: Exécution dynamique de la matrice Excel > ORI-872 - CT-HAB-F1-04 [R36]: SC6: Supprimer profil utilise (inclus dans autre ou affecte a un utilisateur) -> Action impossible","skipped","skipped","1919","0","","CT-HAB-F1-04-blocked.png"
"ORI-872","orion-autonomous-catalog.spec.ts > ORI-PIPELINE-AUTONOMOUS: Exécution dynamique de la matrice Excel > ORI-872 - CT-HAB-F1-05 [R37]: SC7: Supprimer profil non utilise - Annulation (pas de suppression)","skipped","skipped","1909","0","","CT-HAB-F1-05-blocked.png"
"ORI-872","orion-autonomous-catalog.spec.ts > ORI-PIPELINE-AUTONOMOUS: Exécution dynamique de la matrice Excel > ORI-872 - CT-HAB-F1-06 [R38]: SC8: Supprimer profil non utilise - Suppression confirmee (Keycloak + snackbar)","skipped","skipped","1920","0","","CT-HAB-F1-06-blocked.png"
"ORI-872","orion-autonomous-catalog.spec.ts > ORI-PIPELINE-AUTONOMOUS: Exécution dynamique de la matrice Excel > ORI-872 - CT-HAB-F1-07 [R39]: Navigation fil d Ariane + retour liste","skipped","skipped","1891","0","","CT-HAB-F1-07-blocked.png"
"ORI-873","orion-autonomous-catalog.spec.ts > ORI-PIPELINE-AUTONOMOUS: Exécution dynamique de la matrice Excel > ORI-873 - CT-HAB-F2-01 [R41]: SC1+SC2: Affichage bloc Attributions des droits + ordre des categories","skipped","skipped","1878","0","","CT-HAB-F2-01-blocked.png"
"ORI-873","orion-autonomous-catalog.spec.ts > ORI-PIPELINE-AUTONOMOUS: Exécution dynamique de la matrice Excel > ORI-873 - CT-HAB-F2-02 [R42]: SC3+SC4: Cas d usage SANS filtre niveau 2 (non depliable, selection directe)","skipped","skipped","1894","0","","CT-HAB-F2-02-blocked.png"
"ORI-873","orion-autonomous-catalog.spec.ts > ORI-PIPELINE-AUTONOMOUS: Exécution dynamique de la matrice Excel > ORI-873 - CT-HAB-F2-03 [R43]: SC5+SC6+SC7: Cas d usage AVEC filtres niveau 2 (depliable, parent non selectionnable)","skipped","skipped","1931","0","","CT-HAB-F2-03-blocked.png"
"ORI-873","orion-autonomous-catalog.spec.ts > ORI-PIPELINE-AUTONOMOUS: Exécution dynamique de la matrice Excel > ORI-873 - CT-HAB-F2-04 [R44]: SC8: Selection par defaut a l ouverture - premier CU sans filtre niveau 2","skipped","skipped","1873","0","","CT-HAB-F2-04-blocked.png"
"ORI-873","orion-autonomous-catalog.spec.ts > ORI-PIPELINE-AUTONOMOUS: Exécution dynamique de la matrice Excel > ORI-873 - CT-HAB-F2-05 [R45]: SC9: Selection par defaut a l ouverture - premier CU avec filtres niveau 2 (deploye auto)","skipped","skipped","1833","0","","CT-HAB-F2-05-blocked.png"
"ORI-873","orion-autonomous-catalog.spec.ts > ORI-PIPELINE-AUTONOMOUS: Exécution dynamique de la matrice Excel > ORI-873 - CT-HAB-F2-06 [R46]: SC10: Ascenseur lateral si nombre de cas d usage important","skipped","skipped","1886","0","","CT-HAB-F2-06-blocked.png"
"ORI-931","orion-autonomous-catalog.spec.ts > ORI-PIPELINE-AUTONOMOUS: Exécution dynamique de la matrice Excel > ORI-931 - CT-HAB-F3-01 [R48]: SC1+SC2: En-tete matrice des droits + tableau 5 colonnes avec tooltips","skipped","skipped","1917","0","","CT-HAB-F3-01-blocked.png"
"ORI-931","orion-autonomous-catalog.spec.ts > ORI-PIPELINE-AUTONOMOUS: Exécution dynamique de la matrice Excel > ORI-931 - CT-HAB-F3-02 [R49]: SC3+SC4+SC5: Liste droits fins, droit maitre en premier, tag profil inclus","skipped","skipped","1873","0","","CT-HAB-F3-02-blocked.png"
"ORI-931","orion-autonomous-catalog.spec.ts > ORI-PIPELINE-AUTONOMOUS: Exécution dynamique de la matrice Excel > ORI-931 - CT-HAB-F3-03 [R50]: SC6: Autorisations radio boutons mutuellement exclusifs + etat par defaut","skipped","skipped","1892","0","","CT-HAB-F3-03-blocked.png"
"ORI-931","orion-autonomous-catalog.spec.ts > ORI-PIPELINE-AUTONOMOUS: Exécution dynamique de la matrice Excel > ORI-931 - CT-HAB-F3-04 [R51]: SC7+SC8+SC9+SC10: Colonne Statut - 4 cas (Elevation possible, Eleve, Verrouille, Non renseigne)","skipped","skipped","1898","0","","CT-HAB-F3-04-blocked.png"
"ORI-931","orion-autonomous-catalog.spec.ts > ORI-PIPELINE-AUTONOMOUS: Exécution dynamique de la matrice Excel > ORI-931 - CT-HAB-F3-05 [R52]: SC11+SC12: Blocage du droit maitre selon autorisations des non-maitres","skipped","skipped","1886","0","","CT-HAB-F3-05-blocked.png"
"ORI-931","orion-autonomous-catalog.spec.ts > ORI-PIPELINE-AUTONOMOUS: Exécution dynamique de la matrice Excel > ORI-931 - CT-HAB-F3-06 [R53]: SC13: Droit maitre non herite, Statut non renseigne malgre blocage","skipped","skipped","1954","0","","CT-HAB-F3-06-blocked.png"
"ORI-933","orion-autonomous-catalog.spec.ts > ORI-PIPELINE-AUTONOMOUS: Exécution dynamique de la matrice Excel > ORI-933 - CT-HAB-F4-01 [R55]: SC1+SC2: Affichage tableau droits speciaux (4 colonnes + tooltips + Statut profil inclus)","skipped","skipped","1876","0","","CT-HAB-F4-01-blocked.png"
"ORI-933","orion-autonomous-catalog.spec.ts > ORI-PIPELINE-AUTONOMOUS: Exécution dynamique de la matrice Excel > ORI-933 - CT-HAB-F4-02 [R56]: SC3+SC4: Liste droits speciaux (nom, tooltip, ordre, tag profil inclus)","skipped","skipped","1888","0","","CT-HAB-F4-02-blocked.png"
"ORI-933","orion-autonomous-catalog.spec.ts > ORI-PIPELINE-AUTONOMOUS: Exécution dynamique de la matrice Excel > ORI-933 - CT-HAB-F4-03 [R57]: SC5: Autorisations radio boutons (2 colonnes) + etat defaut Non accorde","skipped","skipped","1911","0","","CT-HAB-F4-03-blocked.png"
"ORI-933","orion-autonomous-catalog.spec.ts > ORI-PIPELINE-AUTONOMOUS: Exécution dynamique de la matrice Excel > ORI-933 - CT-HAB-F4-04 [R58]: SC6: Statut Verrouille - droit special herite Accorde (non retirable)","skipped","skipped","1929","0","","CT-HAB-F4-04-blocked.png"
"ORI-933","orion-autonomous-catalog.spec.ts > ORI-PIPELINE-AUTONOMOUS: Exécution dynamique de la matrice Excel > ORI-933 - CT-HAB-F4-05 [R59]: SC7: Statut non renseigne - droit special Non accorde sur profil inclus","skipped","skipped","1917","0","","CT-HAB-F4-05-blocked.png"
"ORI-933","orion-autonomous-catalog.spec.ts > ORI-PIPELINE-AUTONOMOUS: Exécution dynamique de la matrice Excel > ORI-933 - CT-HAB-F4-06 [R60]: SC8: Aucun droit special attache au CU => tableau non affiche","skipped","skipped","1887","0","","CT-HAB-F4-06-blocked.png"
"ORI-1036","orion-autonomous-catalog.spec.ts > ORI-PIPELINE-AUTONOMOUS: Exécution dynamique de la matrice Excel > ORI-1036 - CT-HAB-F6-01 [R62]: SC1: Utilisateur SANS droit acces -> menu invisible","skipped","skipped","1880","0","","CT-HAB-F6-01-blocked.png"
"ORI-1036","orion-autonomous-catalog.spec.ts > ORI-PIPELINE-AUTONOMOUS: Exécution dynamique de la matrice Excel > ORI-1036 - CT-HAB-F6-02 [R63]: SC2: Droit LECTURE SEULE -> sticky bar absente, matrice non modifiable","skipped","skipped","1877","0","","CT-HAB-F6-02-blocked.png"
"ORI-1036","orion-autonomous-catalog.spec.ts > ORI-PIPELINE-AUTONOMOUS: Exécution dynamique de la matrice Excel > ORI-1036 - CT-HAB-F6-03 [R64]: SC3+SC4: Droit L/E -> sticky bar presente, activation mode edition","skipped","skipped","1882","0","","CT-HAB-F6-03-blocked.png"
"ORI-1036","orion-autonomous-catalog.spec.ts > ORI-PIPELINE-AUTONOMOUS: Exécution dynamique de la matrice Excel > ORI-1036 - CT-HAB-F6-04 [R65]: SC6 a SC9: Annulation - confirm dialog si modifs, pas de dialog si 0 modif","skipped","skipped","1853","0","","CT-HAB-F6-04-blocked.png"
"ORI-1036","orion-autonomous-catalog.spec.ts > ORI-PIPELINE-AUTONOMOUS: Exécution dynamique de la matrice Excel > ORI-1036 - CT-HAB-F6-05 [R66]: SC10+SC11+SC12: Navigation hors ecran avec modifications non enregistrees","skipped","skipped","1818","0","","CT-HAB-F6-05-blocked.png"
"ORI-1036","orion-autonomous-catalog.spec.ts > ORI-PIPELINE-AUTONOMOUS: Exécution dynamique de la matrice Excel > ORI-1036 - CT-HAB-F6-06 [R67]: SC13 a SC17: Drawer verification - affichage + suppression modif + blocage maitre","skipped","skipped","1880","0","","CT-HAB-F6-06-blocked.png"
"ORI-1036","orion-autonomous-catalog.spec.ts > ORI-PIPELINE-AUTONOMOUS: Exécution dynamique de la matrice Excel > ORI-1036 - CT-HAB-F6-07 [R68]: SC18: Bouton Verifier et enregistrer inactif si compteur = 0","skipped","skipped","1858","0","","CT-HAB-F6-07-blocked.png"
"ORI-1036","orion-autonomous-catalog.spec.ts > ORI-PIPELINE-AUTONOMOUS: Exécution dynamique de la matrice Excel > ORI-1036 - CT-HAB-F6-08 [R69]: SC19+SC20: Confirmation enregistrement (succes Keycloak + erreur technique)","skipped","skipped","1864","0","","CT-HAB-F6-08-blocked.png"
"ORI-1308","orion-autonomous-catalog.spec.ts > ORI-PIPELINE-AUTONOMOUS: Exécution dynamique de la matrice Excel > ORI-1308 - CT-HAB-F7-01 [R71]: SC1+SC2: Droit fin non herite - transitions Non accorde <-> Lecture seule","skipped","skipped","1846","0","","CT-HAB-F7-01-blocked.png"
"ORI-1308","orion-autonomous-catalog.spec.ts > ORI-PIPELINE-AUTONOMOUS: Exécution dynamique de la matrice Excel > ORI-1308 - CT-HAB-F7-02 [R72]: SC3+SC4: Droit fin non herite - transitions Non accorde <-> Lecture/Ecriture","skipped","skipped","1864","0","","CT-HAB-F7-02-blocked.png"
"ORI-1308","orion-autonomous-catalog.spec.ts > ORI-PIPELINE-AUTONOMOUS: Exécution dynamique de la matrice Excel > ORI-1308 - CT-HAB-F7-03 [R73]: SC5+SC6: Droit fin non herite - transitions Lecture seule <-> Lecture/Ecriture","skipped","skipped","1833","0","","CT-HAB-F7-03-blocked.png"
"ORI-1308","orion-autonomous-catalog.spec.ts > ORI-PIPELINE-AUTONOMOUS: Exécution dynamique de la matrice Excel > ORI-1308 - CT-HAB-F7-04 [R74]: SC7: Droit fin HERITE - elevation Lecture seule a Lecture/Ecriture (2 autorisations)","skipped","skipped","1896","0","","CT-HAB-F7-04-blocked.png"
"ORI-1308","orion-autonomous-catalog.spec.ts > ORI-PIPELINE-AUTONOMOUS: Exécution dynamique de la matrice Excel > ORI-1308 - CT-HAB-F7-05 [R75]: SC8+SC9: Droits speciaux - transitions Non accorde <-> Accorde","skipped","skipped","1882","0","","CT-HAB-F7-05-blocked.png"
"ORI-1308","orion-autonomous-catalog.spec.ts > ORI-PIPELINE-AUTONOMOUS: Exécution dynamique de la matrice Excel > ORI-1308 - CT-HAB-F7-06 [R76]: SC10+SC11: Enregistrement global Keycloak + aucune modif = pas d enregistrement","skipped","skipped","1878","0","","CT-HAB-F7-06-blocked.png"
"ORI-1308","orion-autonomous-catalog.spec.ts > ORI-PIPELINE-AUTONOMOUS: Exécution dynamique de la matrice Excel > ORI-1308 - CT-HAB-F7-07 [R77]: SC12+SC13: Cascade vers profils enfants - deduplication et conservation elevation","skipped","skipped","1882","0","","CT-HAB-F7-07-blocked.png"
"ORI-1308","orion-autonomous-catalog.spec.ts > ORI-PIPELINE-AUTONOMOUS: Exécution dynamique de la matrice Excel > ORI-1308 - CT-HAB-F7-08 [R78]: Verification droits effectifs apres reconnexion utilisateur porteur","skipped","skipped","1901","0","","CT-HAB-F7-08-blocked.png"
"ORI-657","orion-autonomous-catalog.spec.ts > ORI-PIPELINE-AUTONOMOUS: Exécution dynamique de la matrice Excel > ORI-657 - CT-PIM-D-01 [R80]: CA01+CA02: Acces formulaire modification (habilitations + pre-remplissage)","passed","passed","13818","0","","CT-PIM-D-01-evidence.png"
"ORI-657","orion-autonomous-catalog.spec.ts > ORI-PIPELINE-AUTONOMOUS: Exécution dynamique de la matrice Excel > ORI-657 - CT-PIM-D-02 [R81]: CA03+CA04+CA16: Modification nom et code avec succes + normalisation code","passed","passed","23638","0","","CT-PIM-D-02-evidence.png"
"ORI-657","orion-autonomous-catalog.spec.ts > ORI-PIPELINE-AUTONOMOUS: Exécution dynamique de la matrice Excel > ORI-657 - CT-PIM-D-03 [R82]: CA05 a CA08: Controles format code + unicite code/nom (frontend + backend)","passed","passed","14072","0","","CT-PIM-D-03-evidence.png"
"ORI-657","orion-autonomous-catalog.spec.ts > ORI-PIPELINE-AUTONOMOUS: Exécution dynamique de la matrice Excel > ORI-657 - CT-PIM-D-04 [R83]: CA09: Champs obligatoires manquants","passed","passed","13338","0","","CT-PIM-D-04-evidence.png"
"ORI-657","orion-autonomous-catalog.spec.ts > ORI-PIPELINE-AUTONOMOUS: Exécution dynamique de la matrice Excel > ORI-657 - CT-PIM-D-05 [R84]: CA10+CA11+CA12: Desactivation bloquee si dependances + reactivation immediate","passed","passed","3218","0","","CT-PIM-D-05-evidence.png"
"ORI-657","orion-autonomous-catalog.spec.ts > ORI-PIPELINE-AUTONOMOUS: Exécution dynamique de la matrice Excel > ORI-657 - CT-PIM-D-06 [R85]: CA13+CA14+CA15: Duree RDV modifiable + Fermer modale + Erreur technique","passed","passed","13786","0","","CT-PIM-D-06-evidence.png"
"ORI-657","orion-autonomous-catalog.spec.ts > ORI-PIPELINE-AUTONOMOUS: Exécution dynamique de la matrice Excel > ORI-657 - CT-PIM-D-07 [R86]: CA17+CA18: Perimetre marque + suppression icone/couleur -> valeurs par defaut","passed","passed","1944","0","","CT-PIM-D-07-evidence.png"
"ORI-657","orion-autonomous-catalog.spec.ts > ORI-PIPELINE-AUTONOMOUS: Exécution dynamique de la matrice Excel > ORI-657 - CT-PIM-D-08 [R87]: CA19 a CA22: Famille parente (desactivee si sous-familles) + conversion sous-famille/racine","passed","passed","3187","0","","CT-PIM-D-08-evidence.png"
"ORI-1065","orion-autonomous-catalog.spec.ts > ORI-PIPELINE-AUTONOMOUS: Exécution dynamique de la matrice Excel > ORI-1065 - CT-OPT-A-01 [R89]: CA01+CA02: Affichage liste - avec habilitations (actives+inactives) vs sans habilitations (actives seules)","passed","passed","3190","0","","CT-OPT-A-01-evidence.png"
"ORI-1065","orion-autonomous-catalog.spec.ts > ORI-PIPELINE-AUTONOMOUS: Exécution dynamique de la matrice Excel > ORI-1065 - CT-OPT-A-02 [R90]: CA03: Recherche par libelle commercial ou code (partielle, insensible casse)","passed","passed","44125","0","","CT-OPT-A-02-evidence.png"
"ORI-1065","orion-autonomous-catalog.spec.ts > ORI-PIPELINE-AUTONOMOUS: Exécution dynamique de la matrice Excel > ORI-1065 - CT-OPT-A-03 [R91]: CA04+CA05+CA06: Filtres Statut (Actif/Inactif) + Marche + Taxe","passed","passed","3187","0","","CT-OPT-A-03-evidence.png"
"ORI-1065","orion-autonomous-catalog.spec.ts > ORI-PIPELINE-AUTONOMOUS: Exécution dynamique de la matrice Excel > ORI-1065 - CT-OPT-A-04 [R92]: CA07: Colonne Periodicite conditionnelle (Recurrent vs Ponctuel)","passed","passed","3162","0","","CT-OPT-A-04-evidence.png"
"ORI-1065","orion-autonomous-catalog.spec.ts > ORI-PIPELINE-AUTONOMOUS: Exécution dynamique de la matrice Excel > ORI-1065 - CT-OPT-A-05 [R93]: CA08: Conservation des filtres lors de la navigation vers fiche puis retour","passed","passed","3162","0","","CT-OPT-A-05-evidence.png"
"ORI-1065","orion-autonomous-catalog.spec.ts > ORI-PIPELINE-AUTONOMOUS: Exécution dynamique de la matrice Excel > ORI-1065 - CT-OPT-A-06 [R94]: CA09: Acces a la consultation via fleche -> drawer lecture seule","passed","passed","3172","0","","CT-OPT-A-06-evidence.png"
"ORI-1065","orion-autonomous-catalog.spec.ts > ORI-PIPELINE-AUTONOMOUS: Exécution dynamique de la matrice Excel > ORI-1065 - CT-OPT-A-07 [R95]: CA10: Adaptation reglementaire par pays - colonne/filtre Taxe selon pack reglementaire","passed","passed","1990","0","","CT-OPT-A-07-evidence.png"
"ORI-1065","orion-autonomous-catalog.spec.ts > ORI-PIPELINE-AUTONOMOUS: Exécution dynamique de la matrice Excel > ORI-1065 - CT-OPT-A-08 [R96]: Bouton Reinitialiser + pagination standards Orion","passed","passed","1887","0","","CT-OPT-A-08-evidence.png"
"ORI-1067","orion-autonomous-catalog.spec.ts > ORI-PIPELINE-AUTONOMOUS: Exécution dynamique de la matrice Excel > ORI-1067 - CT-OPT-B-01 [R98]: CA01+CA02: Acces formulaire creation (habilitations + pre-remplissage defauts)","passed","passed","3175","0","","CT-OPT-B-01-evidence.png"
"ORI-1067","orion-autonomous-catalog.spec.ts > ORI-PIPELINE-AUTONOMOUS: Exécution dynamique de la matrice Excel > ORI-1067 - CT-OPT-B-02 [R99]: CA03+CA04: Creation option avec succes (statut Actif + statut Inactif)","passed","passed","12057","0","","CT-OPT-B-02-evidence.png"
"ORI-1067","orion-autonomous-catalog.spec.ts > ORI-PIPELINE-AUTONOMOUS: Exécution dynamique de la matrice Excel > ORI-1067 - CT-OPT-B-03 [R100]: CA05: Doublon de code bloque (message exact)","passed","passed","16654","0","","CT-OPT-B-03-evidence.png"
"ORI-1067","orion-autonomous-catalog.spec.ts > ORI-PIPELINE-AUTONOMOUS: Exécution dynamique de la matrice Excel > ORI-1067 - CT-OPT-B-04 [R101]: CA06: Bouton Enregistrer desactive si champs obligatoires manquants ou invalides","passed","passed","23186","0","","CT-OPT-B-04-evidence.png"
"ORI-1067","orion-autonomous-catalog.spec.ts > ORI-PIPELINE-AUTONOMOUS: Exécution dynamique de la matrice Excel > ORI-1067 - CT-OPT-B-05 [R102]: CA07+CA08+CA09+CA10+CA16: Controles code (filtrage auto, normalisation, min 3, max 20, backend)","timedOut","passed","45525","0","[31mTest timeout of 45000ms exceeded.[39m","/Users/yacinebenhamou/Documents/playwrightOrion/int2-ihm-test-results/orion-pipeline/artifacts/orion-autonomous-catalog-O-fb5dc-ation-min-3-max-20-backend--orion-pipeline/test-failed-1.png | /Users/yacinebenhamou/Documents/playwrightOrion/int2-ihm-test-results/orion-pipeline/artifacts/orion-autonomous-catalog-O-fb5dc-ation-min-3-max-20-backend--orion-pipeline/video.webm | /Users/yacinebenhamou/Documents/playwrightOrion/int2-ihm-test-results/orion-pipeline/artifacts/orion-autonomous-catalog-O-fb5dc-ation-min-3-max-20-backend--orion-pipeline/error-context.md | /Users/yacinebenhamou/Documents/playwrightOrion/int2-ihm-test-results/orion-pipeline/artifacts/orion-autonomous-catalog-O-fb5dc-ation-min-3-max-20-backend--orion-pipeline/trace.zip"
"ORI-1067","orion-autonomous-catalog.spec.ts > ORI-PIPELINE-AUTONOMOUS: Exécution dynamique de la matrice Excel > ORI-1067 - CT-OPT-B-06 [R103]: CA11+CA12: Periodicite conditionnelle (Recurrent=visible, Ponctuel=masque) + label dynamique Quantite","passed","passed","3224","0","","CT-OPT-B-06-evidence.png"
"ORI-1067","orion-autonomous-catalog.spec.ts > ORI-PIPELINE-AUTONOMOUS: Exécution dynamique de la matrice Excel > ORI-1067 - CT-OPT-B-07 [R104]: CA13: Quantite facturable invalide (< 1 ou > 9999)","passed","passed","35306","0","","CT-OPT-B-07-evidence.png"
"ORI-1067","orion-autonomous-catalog.spec.ts > ORI-PIPELINE-AUTONOMOUS: Exécution dynamique de la matrice Excel > ORI-1067 - CT-OPT-B-08 [R105]: CA14: Famille associee filtree (racines actives marque uniquement)","passed","passed","1912","0","","CT-OPT-B-08-evidence.png"
"ORI-1067","orion-autonomous-catalog.spec.ts > ORI-PIPELINE-AUTONOMOUS: Exécution dynamique de la matrice Excel > ORI-1067 - CT-OPT-B-09 [R106]: CA15+CA18: Annuler creation (rien enregistre) + erreur technique (modale conservee)","passed","passed","13588","0","","CT-OPT-B-09-evidence.png"
"ORI-1067","orion-autonomous-catalog.spec.ts > ORI-PIPELINE-AUTONOMOUS: Exécution dynamique de la matrice Excel > ORI-1067 - CT-OPT-B-10 [R107]: CA17: Adaptation champ Taxe selon pack reglementaire du pays","passed","passed","1879","0","","CT-OPT-B-10-evidence.png"
"ORI-723","orion-autonomous-catalog.spec.ts > ORI-PIPELINE-AUTONOMOUS: Exécution dynamique de la matrice Excel > ORI-723 - CT-DUR-01 [R109]: RG_CONT_Hhebdo_13 - Controles de saisie des heures hebdomadaires (obligatoire, > 0, format, bornes)","passed","passed","1989","0","","CT-DUR-01-evidence.png"
"ORI-723","orion-autonomous-catalog.spec.ts > ORI-PIPELINE-AUTONOMOUS: Exécution dynamique de la matrice Excel > ORI-723 - CT-DUR-02 [R110]: RG_CONT_Hmens_14 - Calcul automatique des heures mensuelles (lecture seule)","timedOut","passed","46063","0","[31mTest timeout of 45000ms exceeded.[39m","/Users/yacinebenhamou/Documents/playwrightOrion/int2-ihm-test-results/orion-pipeline/artifacts/orion-autonomous-catalog-O-4f9e3-s-mensuelles-lecture-seule--orion-pipeline/test-failed-1.png | /Users/yacinebenhamou/Documents/playwrightOrion/int2-ihm-test-results/orion-pipeline/artifacts/orion-autonomous-catalog-O-4f9e3-s-mensuelles-lecture-seule--orion-pipeline/video.webm | /Users/yacinebenhamou/Documents/playwrightOrion/int2-ihm-test-results/orion-pipeline/artifacts/orion-autonomous-catalog-O-4f9e3-s-mensuelles-lecture-seule--orion-pipeline/error-context.md | /Users/yacinebenhamou/Documents/playwrightOrion/int2-ihm-test-results/orion-pipeline/artifacts/orion-autonomous-catalog-O-4f9e3-s-mensuelles-lecture-seule--orion-pipeline/trace.zip"
"ORI-723","orion-autonomous-catalog.spec.ts > ORI-PIPELINE-AUTONOMOUS: Exécution dynamique de la matrice Excel > ORI-723 - CT-DUR-03 [R111]: RG_CONT_Temps_15 - Nature du temps (plein/partiel) et effets conditionnels","passed","passed","3294","0","","CT-DUR-03-evidence.png"
"ORI-723","orion-autonomous-catalog.spec.ts > ORI-PIPELINE-AUTONOMOUS: Exécution dynamique de la matrice Excel > ORI-723 - CT-DUR-04 [R112]: RG_CONT_TauxP_16 - Calcul automatique du taux temps plein (%)","passed","passed","1928","0","","CT-DUR-04-evidence.png"
"ORI-723","orion-autonomous-catalog.spec.ts > ORI-PIPELINE-AUTONOMOUS: Exécution dynamique de la matrice Excel > ORI-723 - CT-DUR-05 [R113]: RG_CONT_ModOrg_38_V2 - Mode d'organisation du temps de travail (Forfait jours masque Intervenant)","passed","passed","3182","0","","CT-DUR-05-evidence.png"
"ORI-723","orion-autonomous-catalog.spec.ts > ORI-PIPELINE-AUTONOMOUS: Exécution dynamique de la matrice Excel > ORI-723 - CT-DUR-06 [R114]: RG_CONT_ATT_18 - Bloc annualisation du temps de travail (hors simulateur)","passed","passed","25965","0","","CT-DUR-06-evidence.png"
"ORI-723","orion-autonomous-catalog.spec.ts > ORI-PIPELINE-AUTONOMOUS: Exécution dynamique de la matrice Excel > ORI-723 - CT-DUR-07 [R115]: RG_CONT_DerogTP_39 - Derogation temps partiel < 24h (obligatoire et bloquante)","passed","passed","26788","0","","CT-DUR-07-evidence.png"
"ORI-723","orion-autonomous-catalog.spec.ts > ORI-PIPELINE-AUTONOMOUS: Exécution dynamique de la matrice Excel > ORI-723 - CT-DUR-08 [R116]: RG_CONT_Compl_40 - Plafond heures complementaires (calcul et visibilite conditionnelle)","passed","passed","1912","0","","CT-DUR-08-evidence.png"
"ORI-723","orion-autonomous-catalog.spec.ts > ORI-PIPELINE-AUTONOMOUS: Exécution dynamique de la matrice Excel > ORI-723 - CT-DUR-09 [R117]: RG_CONT_Mutuelle_42 - Alerte seuil mutuelle (< 65h/mois)","passed","passed","25176","0","","CT-DUR-09-evidence.png"
"ORI-723","orion-autonomous-catalog.spec.ts > ORI-PIPELINE-AUTONOMOUS: Exécution dynamique de la matrice Excel > ORI-723 - CT-DUR-10 [R118]: RG_CONT_TickResto_44 - Alerte seuil tickets restaurant (seuil marque)","passed","passed","1992","0","","CT-DUR-10-evidence.png"
"ORI-723","orion-autonomous-catalog.spec.ts > ORI-PIPELINE-AUTONOMOUS: Exécution dynamique de la matrice Excel > ORI-723 - CT-DUR-11 [R119]: Coherence des dependances entre champs (propagation des recalculs)","passed","passed","13447","0","","CT-DUR-11-evidence.png"
"ORI-723","orion-autonomous-catalog.spec.ts > ORI-PIPELINE-AUTONOMOUS: Exécution dynamique de la matrice Excel > ORI-723 - CT-DUR-12 [R120]: Persistance BACK et mise a disposition des modules aval","passed","passed","1940","0","","CT-DUR-12-evidence.png"
"ORI-1039","orion-autonomous-catalog.spec.ts > ORI-PIPELINE-AUTONOMOUS: Exécution dynamique de la matrice Excel > ORI-1039 - CT-DURF-01 [R122]: RG_CONT_Hhebdo_13 - Champ heures hebdomadaires : affichage, saisie UI, format et messages","timedOut","passed","46267","0","[31mTest timeout of 45000ms exceeded.[39m","/Users/yacinebenhamou/Documents/playwrightOrion/int2-ihm-test-results/orion-pipeline/artifacts/orion-autonomous-catalog-O-b56a3-aisie-UI-format-et-messages-orion-pipeline/test-failed-1.png | /Users/yacinebenhamou/Documents/playwrightOrion/int2-ihm-test-results/orion-pipeline/artifacts/orion-autonomous-catalog-O-b56a3-aisie-UI-format-et-messages-orion-pipeline/video.webm | /Users/yacinebenhamou/Documents/playwrightOrion/int2-ihm-test-results/orion-pipeline/artifacts/orion-autonomous-catalog-O-b56a3-aisie-UI-format-et-messages-orion-pipeline/error-context.md | /Users/yacinebenhamou/Documents/playwrightOrion/int2-ihm-test-results/orion-pipeline/artifacts/orion-autonomous-catalog-O-b56a3-aisie-UI-format-et-messages-orion-pipeline/trace.zip"
"ORI-1039","orion-autonomous-catalog.spec.ts > ORI-PIPELINE-AUTONOMOUS: Exécution dynamique de la matrice Excel > ORI-1039 - CT-DURF-02 [R123]: RG_CONT_Hmens_14 - Affichage temps reel des heures mensuelles (champ lecture seule UI)","passed","passed","39502","0","","CT-DURF-02-evidence.png"
"ORI-1039","orion-autonomous-catalog.spec.ts > ORI-PIPELINE-AUTONOMOUS: Exécution dynamique de la matrice Excel > ORI-1039 - CT-DURF-03 [R124]: RG_CONT_Temps_15 - Radio Temps plein/partiel : selection UI et effets d'affichage conditionnel","passed","passed","3235","0","","CT-DURF-03-evidence.png"
"ORI-1039","orion-autonomous-catalog.spec.ts > ORI-PIPELINE-AUTONOMOUS: Exécution dynamique de la matrice Excel > ORI-1039 - CT-DURF-04 [R125]: RG_CONT_TauxP_16 - Affichage temps reel du taux temps plein (%) (lecture seule UI)","passed","passed","37950","0","","CT-DURF-04-evidence.png"
"ORI-1039","orion-autonomous-catalog.spec.ts > ORI-PIPELINE-AUTONOMOUS: Exécution dynamique de la matrice Excel > ORI-1039 - CT-DURF-05 [R126]: RG_CONT_ModOrg_38_V2 - Liste deroulante mode d'organisation (Forfait jours masque, affichage conditionnel)","passed","passed","3180","0","","CT-DURF-05-evidence.png"
"ORI-1039","orion-autonomous-catalog.spec.ts > ORI-PIPELINE-AUTONOMOUS: Exécution dynamique de la matrice Excel > ORI-1039 - CT-DURF-06 [R127]: RG_CONT_ATT_18 - Affichage du bloc ATT et alerte de depassement (hors simulateur)","passed","passed","25175","0","","CT-DURF-06-evidence.png"
"ORI-1039","orion-autonomous-catalog.spec.ts > ORI-PIPELINE-AUTONOMOUS: Exécution dynamique de la matrice Excel > ORI-1039 - CT-DURF-07 [R128]: RG_CONT_DerogTP_39 - Liste derogation < 24h : apparition conditionnelle et message bloquant","passed","passed","14738","0","","CT-DURF-07-evidence.png"
"ORI-1039","orion-autonomous-catalog.spec.ts > ORI-PIPELINE-AUTONOMOUS: Exécution dynamique de la matrice Excel > ORI-1039 - CT-DURF-08 [R129]: RG_CONT_Compl_40 - Affichage du plafond heures complementaires (lecture seule, conditionnel)","passed","passed","2067","0","","CT-DURF-08-evidence.png"
"ORI-1039","orion-autonomous-catalog.spec.ts > ORI-PIPELINE-AUTONOMOUS: Exécution dynamique de la matrice Excel > ORI-1039 - CT-DURF-09 [R130]: RG_CONT_Mutuelle_42 - Alerte seuil mutuelle : affichage/masquage dynamique du message","passed","passed","13871","0","","CT-DURF-09-evidence.png"
"ORI-1039","orion-autonomous-catalog.spec.ts > ORI-PIPELINE-AUTONOMOUS: Exécution dynamique de la matrice Excel > ORI-1039 - CT-DURF-10 [R131]: RG_CONT_TickResto_44 - Alerte seuil tickets restaurant : affichage dynamique selon seuil marque","passed","passed","13430","0","","CT-DURF-10-evidence.png"
"ORI-1039","orion-autonomous-catalog.spec.ts > ORI-PIPELINE-AUTONOMOUS: Exécution dynamique de la matrice Excel > ORI-1039 - CT-DURF-11 [R132]: Conformite maquette Figma et enchainement des affichages conditionnels (UI globale)","passed","passed","13607","0","","CT-DURF-11-evidence.png"
"ORI-1039","orion-autonomous-catalog.spec.ts > ORI-PIPELINE-AUTONOMOUS: Exécution dynamique de la matrice Excel > ORI-1039 - CT-DURF-12 [R133]: Accessibilite et etats des champs (focus, tab, aria, etats desactives)","passed","passed","1906","0","","CT-DURF-12-evidence.png"
"ORI-91","orion-autonomous-catalog.spec.ts > ORI-PIPELINE-AUTONOMOUS: Exécution dynamique de la matrice Excel > ORI-91 - CT-NOTIF-01 [R135]: RG_NOTIFCREA_01/02 - Emission du message Create quand toutes les conditions sont reunies (intervenant)","passed","passed","1912","0","","CT-NOTIF-01-evidence.png"
"ORI-91","orion-autonomous-catalog.spec.ts > ORI-PIPELINE-AUTONOMOUS: Exécution dynamique de la matrice Excel > ORI-91 - CT-NOTIF-02 [R136]: RG_NOTIFCREA_02 - Non-emission si un champ obligatoire manque","passed","passed","1887","0","","CT-NOTIF-02-evidence.png"
"ORI-91","orion-autonomous-catalog.spec.ts > ORI-PIPELINE-AUTONOMOUS: Exécution dynamique de la matrice Excel > ORI-91 - CT-NOTIF-03 [R137]: RG_NOTIFCREA_02 - Non-emission si aucun contrat avec date d'embauche","passed","passed","1886","0","","CT-NOTIF-03-evidence.png"
"ORI-91","orion-autonomous-catalog.spec.ts > ORI-PIPELINE-AUTONOMOUS: Exécution dynamique de la matrice Excel > ORI-91 - CT-NOTIF-04 [R138]: RG_NOTIFCREA_02 - Emission differee : champ manquant complete ulterieurement","passed","passed","1922","0","","CT-NOTIF-04-evidence.png"
"ORI-91","orion-autonomous-catalog.spec.ts > ORI-PIPELINE-AUTONOMOUS: Exécution dynamique de la matrice Excel > ORI-91 - CT-NOTIF-05 [R139]: RG_NOTIFMOD_01 - Emission du message Update lors d'une modification","passed","passed","14514","0","","CT-NOTIF-05-evidence.png"
"ORI-91","orion-autonomous-catalog.spec.ts > ORI-PIPELINE-AUTONOMOUS: Exécution dynamique de la matrice Excel > ORI-91 - CT-NOTIF-06 [R140]: RG_NOTIFCREA_01/MOD_01 - Inclusion conditionnelle des blocs optionnels (renseigne uniquement)","passed","passed","3167","0","","CT-NOTIF-06-evidence.png"
"ORI-91","orion-autonomous-catalog.spec.ts > ORI-PIPELINE-AUTONOMOUS: Exécution dynamique de la matrice Excel > ORI-91 - CT-NOTIF-07 [R141]: Bloc Competences reserve aux intervenants (absent pour operationnel agence)","passed","passed","1911","0","","CT-NOTIF-07-evidence.png"
"ORI-91","orion-autonomous-catalog.spec.ts > ORI-PIPELINE-AUTONOMOUS: Exécution dynamique de la matrice Excel > ORI-91 - CT-NOTIF-08 [R142]: Cardinalite : un seul message ficheCollaborateur par collaborateur (multi-societe)","passed","passed","3136","0","","CT-NOTIF-08-evidence.png"
"ORI-91","orion-autonomous-catalog.spec.ts > ORI-PIPELINE-AUTONOMOUS: Exécution dynamique de la matrice Excel > ORI-91 - CT-NOTIF-09 [R143]: Correlation idCollaborateur entre ficheCollaborateur et contrat","passed","passed","3149","0","","CT-NOTIF-09-evidence.png"
"ORI-91","orion-autonomous-catalog.spec.ts > ORI-PIPELINE-AUTONOMOUS: Exécution dynamique de la matrice Excel > ORI-91 - CT-NOTIF-10 [R144]: Contenu attendu par le consommateur MP5 Planning","passed","passed","1894","0","","CT-NOTIF-10-evidence.png"
"ORI-91","orion-autonomous-catalog.spec.ts > ORI-PIPELINE-AUTONOMOUS: Exécution dynamique de la matrice Excel > ORI-91 - CT-NOTIF-11 [R145]: Contenu attendu par Pleiade + decoupage NIR (7 segments) et IBAN (9 segments)","passed","passed","1923","0","","CT-NOTIF-11-evidence.png"
"ORI-91","orion-autonomous-catalog.spec.ts > ORI-PIPELINE-AUTONOMOUS: Exécution dynamique de la matrice Excel > ORI-91 - CT-NOTIF-12 [R146]: Transcodification des identifiants Orion vers valeurs Pleiade","passed","passed","1854","0","","CT-NOTIF-12-evidence.png"
"ORI-91","orion-autonomous-catalog.spec.ts > ORI-PIPELINE-AUTONOMOUS: Exécution dynamique de la matrice Excel > ORI-91 - CT-NOTIF-13 [R147]: Cas RGPD : purge puis reembauche -> nouvel idCollaborateur et flux Create","passed","passed","1921","0","","CT-NOTIF-13-evidence.png"
"ORI-91","orion-autonomous-catalog.spec.ts > ORI-PIPELINE-AUTONOMOUS: Exécution dynamique de la matrice Excel > ORI-91 - CT-NOTIF-14 [R148]: RG_INT_NOTIF_01 - Flag de suivi d'envoi aux autres domaines (etude)","passed","passed","1899","0","","CT-NOTIF-14-evidence.png"
"ORI-936","orion-autonomous-catalog.spec.ts > ORI-PIPELINE-AUTONOMOUS: Exécution dynamique de la matrice Excel > ORI-936 - CT-CPT-01 [R150]: RG_INT_CPTS_1 - Affichage par defaut de l'ecran a la date du jour","passed","passed","3163","0","","CT-CPT-01-evidence.png"
"ORI-936","orion-autonomous-catalog.spec.ts > ORI-PIPELINE-AUTONOMOUS: Exécution dynamique de la matrice Excel > ORI-936 - CT-CPT-02 [R151]: RG_INT_CPTS_1 - Changement de date 'Soldes au' : recalcul et filtrage des compteurs","passed","passed","3156","0","","CT-CPT-02-evidence.png"
"ORI-936","orion-autonomous-catalog.spec.ts > ORI-PIPELINE-AUTONOMOUS: Exécution dynamique de la matrice Excel > ORI-936 - CT-CPT-03 [R152]: RG_INT_CPTA_1 - Bouton 'Aujourd'hui' : retour a la date du jour","passed","passed","1923","0","","CT-CPT-03-evidence.png"
"ORI-936","orion-autonomous-catalog.spec.ts > ORI-PIPELINE-AUTONOMOUS: Exécution dynamique de la matrice Excel > ORI-936 - CT-CPT-04 [R153]: RG_INT_CPTT_1 / 1c - Affichage des types de conges selon le parametrage (libelle + periode)","passed","passed","3129","0","","CT-CPT-04-evidence.png"
"ORI-936","orion-autonomous-catalog.spec.ts > ORI-PIPELINE-AUTONOMOUS: Exécution dynamique de la matrice Excel > ORI-936 - CT-CPT-05 [R154]: RG_INT_CPTT_1c / CA-CPT-04 - Alerte rouge 'X demande(s) en attente de validation'","passed","passed","3152","0","","CT-CPT-05-evidence.png"
"ORI-936","orion-autonomous-catalog.spec.ts > ORI-PIPELINE-AUTONOMOUS: Exécution dynamique de la matrice Excel > ORI-936 - CT-CPT-06 [R155]: RG_INT_CPTD_1 - Colonne 'Acquis' : valeur, format et info-bulle","passed","passed","3140","0","","CT-CPT-06-evidence.png"
"ORI-936","orion-autonomous-catalog.spec.ts > ORI-PIPELINE-AUTONOMOUS: Exécution dynamique de la matrice Excel > ORI-936 - CT-CPT-07 [R156]: RG_INT_CPTP_1 - Colonne 'Pris' : jours pris <= date du jour, format et info-bulle","passed","passed","3109","0","","CT-CPT-07-evidence.png"
"ORI-936","orion-autonomous-catalog.spec.ts > ORI-PIPELINE-AUTONOMOUS: Exécution dynamique de la matrice Excel > ORI-936 - CT-CPT-08 [R157]: RG_INT_CPTO_1 - Colonne 'Solde actuel' = Acquis - Pris","passed","passed","3115","0","","CT-CPT-08-evidence.png"
"ORI-936","orion-autonomous-catalog.spec.ts > ORI-PIPELINE-AUTONOMOUS: Exécution dynamique de la matrice Excel > ORI-936 - CT-CPT-09 [R158]: RG_INT_CPTL_1 - Colonne 'Solde previsionnel' = Acquis - Pris - conges valides futurs","passed","passed","3163","0","","CT-CPT-09-evidence.png"
"ORI-936","orion-autonomous-catalog.spec.ts > ORI-PIPELINE-AUTONOMOUS: Exécution dynamique de la matrice Excel > ORI-936 - CT-CPT-10 [R159]: RG_INT_CPTV_1 / CA-CPT-07 - Bouton 'Voir l'historique' (drawer par periode)","passed","passed","3132","0","","CT-CPT-10-evidence.png"
"ORI-936","orion-autonomous-catalog.spec.ts > ORI-PIPELINE-AUTONOMOUS: Exécution dynamique de la matrice Excel > ORI-936 - CT-CPT-11 [R160]: RG_INT_CPTB_1 / CA-CPT-05/06 - Bouton MODIFIER selon habilitation","passed","passed","26981","0","","CT-CPT-11-evidence.png"
"ORI-936","orion-autonomous-catalog.spec.ts > ORI-PIPELINE-AUTONOMOUS: Exécution dynamique de la matrice Excel > ORI-936 - CT-CPT-12 [R161]: Conformite maquette et lecture seule des champs de l'ecran principal","passed","passed","1910","0","","CT-CPT-12-evidence.png"
"ORI-936","orion-autonomous-catalog.spec.ts > ORI-PIPELINE-AUTONOMOUS: Exécution dynamique de la matrice Excel > ORI-936 - CT-CPT-13 [R162]: Coherence globale : changement de date -> recalcul de toutes les colonnes","passed","passed","3138","0","","CT-CPT-13-evidence.png"
"ORI-956","orion-autonomous-catalog.spec.ts > ORI-PIPELINE-AUTONOMOUS: Exécution dynamique de la matrice Excel > ORI-956 - CT-ABH-01 [R164]: RG_INT_ABAHED/ABAHEF_1 - Visibilite des champs heure selon 'Heures possibles'","passed","passed","15198","0","","CT-ABH-01-evidence.png"
"ORI-956","orion-autonomous-catalog.spec.ts > ORI-PIPELINE-AUTONOMOUS: Exécution dynamique de la matrice Excel > ORI-956 - CT-ABH-02 [R165]: RG_INT_ABAHCT_1 cas 1 - Dates differentes : heures grisees et remises a blanc (CA D11/D12)","passed","passed","13535","0","","CT-ABH-02-evidence.png"
"ORI-956","orion-autonomous-catalog.spec.ts > ORI-PIPELINE-AUTONOMOUS: Exécution dynamique de la matrice Excel > ORI-956 - CT-ABH-03 [R166]: RG_INT_ABAHCT_1 cas 2a - Heure debut sans heure fin (CA D13)","passed","passed","24923","0","","CT-ABH-03-evidence.png"
"ORI-956","orion-autonomous-catalog.spec.ts > ORI-PIPELINE-AUTONOMOUS: Exécution dynamique de la matrice Excel > ORI-956 - CT-ABH-04 [R167]: RG_INT_ABAHCT_1 cas 2b - Heure fin sans heure debut (CA D14)","passed","passed","25603","0","","CT-ABH-04-evidence.png"
"ORI-956","orion-autonomous-catalog.spec.ts > ORI-PIPELINE-AUTONOMOUS: Exécution dynamique de la matrice Excel > ORI-956 - CT-ABH-05 [R168]: RG_INT_ABAHCT_1 cas 2c - Heure debut >= heure fin (CA D15)","passed","passed","25622","0","","CT-ABH-05-evidence.png"
"ORI-956","orion-autonomous-catalog.spec.ts > ORI-PIPELINE-AUTONOMOUS: Exécution dynamique de la matrice Excel > ORI-956 - CT-ABH-06 [R169]: RG_INT_ABACHE_1 - Chevauchement avec conges existants (dates <>) (CA E1)","passed","passed","13595","0","","CT-ABH-06-evidence.png"
"ORI-956","orion-autonomous-catalog.spec.ts > ORI-PIPELINE-AUTONOMOUS: Exécution dynamique de la matrice Excel > ORI-956 - CT-ABH-07 [R170]: RG_INT_ABACHE_1 - Chevauchement avec absence existante (dates <>) (CA E2)","passed","passed","13950","0","","CT-ABH-07-evidence.png"
"ORI-956","orion-autonomous-catalog.spec.ts > ORI-PIPELINE-AUTONOMOUS: Exécution dynamique de la matrice Excel > ORI-956 - CT-ABH-08 [R171]: RG_INT_ABACHE_1 - Cas passants : periodes disjointes et exclusivite Non / statut Annule (CA E3-E6)","passed","passed","25923","0","","CT-ABH-08-evidence.png"
"ORI-956","orion-autonomous-catalog.spec.ts > ORI-PIPELINE-AUTONOMOUS: Exécution dynamique de la matrice Excel > ORI-956 - CT-ABH-09 [R172]: RG_INT_ABACHE_2 - Chevauchement horaire vs conge 1/2 journee (dates =) (CA E7/E8)","passed","passed","14312","0","","CT-ABH-09-evidence.png"
"ORI-956","orion-autonomous-catalog.spec.ts > ORI-PIPELINE-AUTONOMOUS: Exécution dynamique de la matrice Excel > ORI-956 - CT-ABH-10 [R173]: RG_INT_ABACHE_2 - Chevauchement horaire vs absence et vs conge journee (CA E9/E10)","passed","passed","13758","0","","CT-ABH-10-evidence.png"
"ORI-956","orion-autonomous-catalog.spec.ts > ORI-PIPELINE-AUTONOMOUS: Exécution dynamique de la matrice Excel > ORI-956 - CT-ABH-11 [R174]: RG_INT_ABACAD_1 (A) - Calcul et affichage de la duree en jours (modes de decompte) (CA F1-F4)","passed","passed","13962","0","","CT-ABH-11-evidence.png"
"ORI-956","orion-autonomous-catalog.spec.ts > ORI-PIPELINE-AUTONOMOUS: Exécution dynamique de la matrice Excel > ORI-956 - CT-ABH-12 [R175]: RG_INT_ABACAD_1 (A) - Droit local Alsace-Moselle et priorite des concepts (CA F5)","passed","passed","13460","0","","CT-ABH-12-evidence.png"
"ORI-956","orion-autonomous-catalog.spec.ts > ORI-PIPELINE-AUTONOMOUS: Exécution dynamique de la matrice Excel > ORI-956 - CT-ABH-13 [R176]: RG_INT_ABACAD_1 (B) - Calcul et affichage de la duree en heures (dates =) (CA F6-F8)","passed","passed","36839","0","","CT-ABH-13-evidence.png"
"ORI-956","orion-autonomous-catalog.spec.ts > ORI-PIPELINE-AUTONOMOUS: Exécution dynamique de la matrice Excel > ORI-956 - CT-ABH-14 [R177]: RG_INT_ABACAD_1 (C) - Duree = 0 : message bloquant","passed","passed","13908","0","","CT-ABH-14-evidence.png"
"ORI-956","orion-autonomous-catalog.spec.ts > ORI-PIPELINE-AUTONOMOUS: Exécution dynamique de la matrice Excel > ORI-956 - CT-ABH-15 [R178]: RG_INT_ABADUR_1 - Controle du nombre de jours max (dates <>) (CA F9-F11)","passed","passed","25979","0","","CT-ABH-15-evidence.png"
"ORI-956","orion-autonomous-catalog.spec.ts > ORI-PIPELINE-AUTONOMOUS: Exécution dynamique de la matrice Excel > ORI-956 - CT-ABH-16 [R179]: Reutilisation des RG sur les ecrans Modification et Visualisation d'une absence","passed","passed","14587","0","","CT-ABH-16-evidence.png"
"ORI-1356","orion-autonomous-catalog.spec.ts > ORI-PIPELINE-AUTONOMOUS: Exécution dynamique de la matrice Excel > ORI-1356 - CT-VIS-01 [R181]: Affichage en lecture seule de l'ecran Visualiser une absence (aucun controle, aucun calcul)","passed","passed","14915","0","","CT-VIS-01-evidence.png"
"ORI-1356","orion-autonomous-catalog.spec.ts > ORI-PIPELINE-AUTONOMOUS: Exécution dynamique de la matrice Excel > ORI-1356 - CT-VIS-02 [R182]: RG_INT_VISUTEL_1 - Affichage et telechargement des documents justificatifs","passed","passed","3170","0","","CT-VIS-02-evidence.png"
"ORI-1356","orion-autonomous-catalog.spec.ts > ORI-PIPELINE-AUTONOMOUS: Exécution dynamique de la matrice Excel > ORI-1356 - CT-VIS-03 [R183]: RG_INT_ABSVAL_1 - Validation reussie d'une absence 'A valider' (justificatif non requis ou present)","passed","passed","3174","0","","CT-VIS-03-evidence.png"
"ORI-1356","orion-autonomous-catalog.spec.ts > ORI-PIPELINE-AUTONOMOUS: Exécution dynamique de la matrice Excel > ORI-1356 - CT-VIS-04 [R184]: RG_INT_ABSVAL_1 - Validation bloquee si justificatif obligatoire absent","passed","passed","3197","0","","CT-VIS-04-evidence.png"
"ORI-1356","orion-autonomous-catalog.spec.ts > ORI-PIPELINE-AUTONOMOUS: Exécution dynamique de la matrice Excel > ORI-1356 - CT-VIS-05 [R185]: RG_INT_ABSANN_1 - Annulation d'une absence -> statut 'Annule' et bascule vers l'onglet Cloturés","passed","passed","3141","0","","CT-VIS-05-evidence.png"
"ORI-1356","orion-autonomous-catalog.spec.ts > ORI-PIPELINE-AUTONOMOUS: Exécution dynamique de la matrice Excel > ORI-1356 - CT-VIS-06 [R186]: RG_INT_CLOSTA_1 / CA J1-J3 - Onglet Cloturés : contenu et actions restreintes","passed","passed","3180","0","","CT-VIS-06-evidence.png"
"ORI-1356","orion-autonomous-catalog.spec.ts > ORI-PIPELINE-AUTONOMOUS: Exécution dynamique de la matrice Excel > ORI-1356 - CT-VIS-07 [R187]: RG_INT_ABSHOR_1 / CA B8/J5 - Historique d'une absence (cycle de vie)","passed","passed","3159","0","","CT-VIS-07-evidence.png"
"ORI-1356","orion-autonomous-catalog.spec.ts > ORI-PIPELINE-AUTONOMOUS: Exécution dynamique de la matrice Excel > ORI-1356 - CT-VIS-08 [R188]: Fermeture de l'ecran de visualisation (bouton FERMER / croix)","passed","passed","3113","0","","CT-VIS-08-evidence.png"
"ORI-745","orion-autonomous-catalog.spec.ts > ORI-PIPELINE-AUTONOMOUS: Exécution dynamique de la matrice Excel > ORI-745 - CT-UX-01 [R190]: Icone 'Valide' (task_alt) sur Vue generale RDV Commercial + Drawer et Fiche client/prospect","passed","passed","3163","0","","CT-UX-01-evidence.png"
"ORI-745","orion-autonomous-catalog.spec.ts > ORI-PIPELINE-AUTONOMOUS: Exécution dynamique de la matrice Excel > ORI-745 - CT-UX-02 [R191]: Icones 'Agence' (Storefront) et 'Duree' sur la Vue generale RDV Commercial","passed","passed","3137","0","","CT-UX-02-evidence.png"
"ORI-745","orion-autonomous-catalog.spec.ts > ORI-PIPELINE-AUTONOMOUS: Exécution dynamique de la matrice Excel > ORI-745 - CT-UX-03 [R192]: Icone 'Identite' (contact_page) sur Modification et Creation prospect/lead","passed","passed","3148","0","","CT-UX-03-evidence.png"
"ORI-745","orion-autonomous-catalog.spec.ts > ORI-PIPELINE-AUTONOMOUS: Exécution dynamique de la matrice Excel > ORI-745 - CT-UX-04 [R193]: Icones 'Telephone/contact' (phone) et 'Service/Produit' (extension)","passed","passed","3165","0","","CT-UX-04-evidence.png"
"ORI-745","orion-autonomous-catalog.spec.ts > ORI-PIPELINE-AUTONOMOUS: Exécution dynamique de la matrice Excel > ORI-745 - CT-UX-05 [R194]: Distinction Tag (statut) vs Alerte (completude/anomalie)","passed","passed","3208","0","","CT-UX-05-evidence.png"
"ORI-745","orion-autonomous-catalog.spec.ts > ORI-PIPELINE-AUTONOMOUS: Exécution dynamique de la matrice Excel > ORI-745 - CT-UX-06 [R195]: Multi-elements : affichage compact et expansion au clic (listes Clients prospect et Entites juridiques)","passed","passed","3136","0","","CT-UX-06-evidence.png"
"ORI-745","orion-autonomous-catalog.spec.ts > ORI-PIPELINE-AUTONOMOUS: Exécution dynamique de la matrice Excel > ORI-745 - CT-UX-07 [R196]: Conformite maquette et coherence transverse des icones remplaces","passed","passed","1928","0","","CT-UX-07-evidence.png"
"ORI-745","orion-autonomous-catalog.spec.ts > ORI-PIPELINE-AUTONOMOUS: Exécution dynamique de la matrice Excel > ORI-745 - CT-UX-08 [R197]: Non-regression fonctionnelle des elements dont l'icone/tag a change","passed","passed","1945","0","","CT-UX-08-evidence.png"
"ORI-769","orion-autonomous-catalog.spec.ts > ORI-PIPELINE-AUTONOMOUS: Exécution dynamique de la matrice Excel > ORI-769 - CT-LOC-01 [R199]: Affichage de la localisation (carte + adresse + pin) dans le drawer d'un RDV avec adresse","passed","passed","3173","0","","CT-LOC-01-evidence.png"
"ORI-769","orion-autonomous-catalog.spec.ts > ORI-PIPELINE-AUTONOMOUS: Exécution dynamique de la matrice Excel > ORI-769 - CT-LOC-02 [R200]: RDV sans adresse renseignee : etat vide de la zone localisation","passed","passed","3182","0","","CT-LOC-02-evidence.png"
"ORI-769","orion-autonomous-catalog.spec.ts > ORI-PIPELINE-AUTONOMOUS: Exécution dynamique de la matrice Excel > ORI-769 - CT-LOC-03 [R201]: Source de l'adresse affichee : RDV a domicile vs RDV en agence","passed","passed","3226","0","","CT-LOC-03-evidence.png"
"ORI-769","orion-autonomous-catalog.spec.ts > ORI-PIPELINE-AUTONOMOUS: Exécution dynamique de la matrice Excel > ORI-769 - CT-LOC-04 [R202]: Robustesse : echec de chargement de la carte (GEOWS/reseau KO) - mode degrade","passed","passed","3214","0","","CT-LOC-04-evidence.png"
"ORI-769","orion-autonomous-catalog.spec.ts > ORI-PIPELINE-AUTONOMOUS: Exécution dynamique de la matrice Excel > ORI-769 - CT-LOC-05 [R203]: Adresse non geocodable : affichage texte sans pin precis","passed","passed","3184","0","","CT-LOC-05-evidence.png"
"ORI-769","orion-autonomous-catalog.spec.ts > ORI-PIPELINE-AUTONOMOUS: Exécution dynamique de la matrice Excel > ORI-769 - CT-LOC-06 [R204]: Interaction sur la carte / bouton itineraire (si present)","passed","passed","3153","0","","CT-LOC-06-evidence.png"
"ORI-769","orion-autonomous-catalog.spec.ts > ORI-PIPELINE-AUTONOMOUS: Exécution dynamique de la matrice Excel > ORI-769 - CT-LOC-07 [R205]: Localisation en lecture seule pour un RDV annule ou passe (historique)","passed","passed","3198","0","","CT-LOC-07-evidence.png"
"ORI-368","orion-autonomous-catalog.spec.ts > ORI-PIPELINE-AUTONOMOUS: Exécution dynamique de la matrice Excel > ORI-368 - CT-BSN-01 [R207]: CA-A01 - Affichage du tableau des besoins et alimentation automatique (statut A qualifier)","passed","passed","3209","0","","CT-BSN-01-evidence.png"
"ORI-368","orion-autonomous-catalog.spec.ts > ORI-PIPELINE-AUTONOMOUS: Exécution dynamique de la matrice Excel > ORI-368 - CT-BSN-02 [R208]: RG_BSN_TRILST_01 / CA-A02 - Tri par defaut (statut puis date de creation croissante)","passed","passed","3142","0","","CT-BSN-02-evidence.png"
"ORI-368","orion-autonomous-catalog.spec.ts > ORI-PIPELINE-AUTONOMOUS: Exécution dynamique de la matrice Excel > ORI-368 - CT-BSN-03 [R209]: RG_BSN_TRILST_02 / CA-A03 - Tri utilisateur par colonne (alternance croissant/decroissant)","passed","passed","1934","0","","CT-BSN-03-evidence.png"
"ORI-368","orion-autonomous-catalog.spec.ts > ORI-PIPELINE-AUTONOMOUS: Exécution dynamique de la matrice Excel > ORI-368 - CT-BSN-04 [R210]: RG_BSN_ACT_01 / CA-A04-A07/A19 - Actions disponibles selon le statut du besoin","passed","passed","1920","0","","CT-BSN-04-evidence.png"
"ORI-368","orion-autonomous-catalog.spec.ts > ORI-PIPELINE-AUTONOMOUS: Exécution dynamique de la matrice Excel > ORI-368 - CT-BSN-05 [R211]: RG_BSN_ABAND_01 / CA1-16-18 - Regle d'abandon selon presence de devis","passed","passed","1880","0","","CT-BSN-05-evidence.png"
"ORI-368","orion-autonomous-catalog.spec.ts > ORI-PIPELINE-AUTONOMOUS: Exécution dynamique de la matrice Excel > ORI-368 - CT-BSN-06 [R212]: RG_BSN_MODIF_01 / CA-A08-A11 - Action Modifier : chargement du formulaire de la famille","passed","passed","17600","0","","CT-BSN-06-evidence.png"
"ORI-368","orion-autonomous-catalog.spec.ts > ORI-PIPELINE-AUTONOMOUS: Exécution dynamique de la matrice Excel > ORI-368 - CT-BSN-07 [R213]: RG_BSN_CONSULT_01 / CA-A19 - Action Consulter d'un besoin Abandonne (lecture seule)","passed","passed","3215","0","","CT-BSN-07-evidence.png"
"ORI-368","orion-autonomous-catalog.spec.ts > ORI-PIPELINE-AUTONOMOUS: Exécution dynamique de la matrice Excel > ORI-368 - CT-BSN-08 [R214]: Contenu des colonnes Service / Statut / Responsable / Date de creation","passed","passed","1953","0","","CT-BSN-08-evidence.png"
"ORI-667","orion-autonomous-catalog.spec.ts > ORI-PIPELINE-AUTONOMOUS: Exécution dynamique de la matrice Excel > ORI-667 - CT-FILT-01 [R216]: RG_BSN_FILT_01 / CA-B01-B03 - Champ 'Rechercher un besoin' : criteres couverts et insensibilite casse/accents","passed","passed","43810","0","","CT-FILT-01-evidence.png"
"ORI-667","orion-autonomous-catalog.spec.ts > ORI-PIPELINE-AUTONOMOUS: Exécution dynamique de la matrice Excel > ORI-667 - CT-FILT-02 [R217]: RG_BSN_FILT_02 / CA-B02 - Filtre 'Statut' (cases a cocher multi-selection) et valeur par defaut 'Tous'","passed","passed","1936","0","","CT-FILT-02-evidence.png"
"ORI-667","orion-autonomous-catalog.spec.ts > ORI-PIPELINE-AUTONOMOUS: Exécution dynamique de la matrice Excel > ORI-667 - CT-FILT-03 [R218]: RG_BSN_FILT_04 / CA-B04 - Application cumulative des criteres (logique ET)","passed","passed","12005","0","","CT-FILT-03-evidence.png"
"ORI-667","orion-autonomous-catalog.spec.ts > ORI-PIPELINE-AUTONOMOUS: Exécution dynamique de la matrice Excel > ORI-667 - CT-FILT-04 [R219]: RG_BSN_FILT_03 / CA-B05 - Reinitialiser les filtres (retour valeurs par defaut + tri par defaut)","passed","passed","1925","0","","CT-FILT-04-evidence.png"
"ORI-667","orion-autonomous-catalog.spec.ts > ORI-PIPELINE-AUTONOMOUS: Exécution dynamique de la matrice Excel > ORI-667 - CT-FILT-05 [R220]: RG_BSN_FILT_02 - Etat vide filtre (aucun besoin ne correspond)","passed","passed","16557","0","","CT-FILT-05-evidence.png"
"ORI-667","orion-autonomous-catalog.spec.ts > ORI-PIPELINE-AUTONOMOUS: Exécution dynamique de la matrice Excel > ORI-667 - CT-FILT-06 [R221]: Application immediate du filtrage (sans bouton) et coherence avec le tableau","passed","passed","17197","0","","CT-FILT-06-evidence.png"
"ORI-995","orion-autonomous-catalog.spec.ts > ORI-PIPELINE-AUTONOMOUS: Exécution dynamique de la matrice Excel > ORI-995 - CT-ABD-01 [R223]: Disponibilite de l'action Abandonner selon le statut et les devis associes","passed","passed","1976","0","","CT-ABD-01-evidence.png"
"ORI-995","orion-autonomous-catalog.spec.ts > ORI-PIPELINE-AUTONOMOUS: Exécution dynamique de la matrice Excel > ORI-995 - CT-ABD-02 [R224]: RG_BSN_ABAND_MOTIF_01 / CA-01 - Abandon avec un motif standard (different de 'Autre')","passed","passed","3134","0","","CT-ABD-02-evidence.png"
"ORI-995","orion-autonomous-catalog.spec.ts > ORI-PIPELINE-AUTONOMOUS: Exécution dynamique de la matrice Excel > ORI-995 - CT-ABD-03 [R225]: RG_BSN_ABAND_COMM_01 / CA-02 - Motif 'Autre' : champ Commentaire affiche et obligatoire","passed","passed","3204","0","","CT-ABD-03-evidence.png"
"ORI-995","orion-autonomous-catalog.spec.ts > ORI-PIPELINE-AUTONOMOUS: Exécution dynamique de la matrice Excel > ORI-995 - CT-ABD-04 [R226]: RG_BSN_ABAND_MOTIF_01 - Motif d'abandon obligatoire (blocage si absent)","passed","passed","3211","0","","CT-ABD-04-evidence.png"
"ORI-995","orion-autonomous-catalog.spec.ts > ORI-PIPELINE-AUTONOMOUS: Exécution dynamique de la matrice Excel > ORI-995 - CT-ABD-05 [R227]: RG_BSN_ABAND_RET_01 / CA-03 - Annulation de la procedure d'abandon (bouton Retour)","passed","passed","3186","0","","CT-ABD-05-evidence.png"
"ORI-995","orion-autonomous-catalog.spec.ts > ORI-PIPELINE-AUTONOMOUS: Exécution dynamique de la matrice Excel > ORI-995 - CT-ABD-06 [R228]: RG_BSN_ABAND_VALID_01 - Etat post-abandon : irreversibilite et actions restantes (Consulter seul)","passed","passed","17751","0","","CT-ABD-06-evidence.png"
"ORI-1068","orion-autonomous-catalog.spec.ts > ORI-PIPELINE-AUTONOMOUS: Exécution dynamique de la matrice Excel > ORI-1068 - CT-RND-01 [R230]: RG_BSN_QUAL_01 / CA-01 - Rendu dynamique du JSON en modale stepper (ouverture besoin 'A qualifier')","passed","passed","1934","0","","CT-RND-01-evidence.png"
"ORI-1068","orion-autonomous-catalog.spec.ts > ORI-PIPELINE-AUTONOMOUS: Exécution dynamique de la matrice Excel > ORI-1068 - CT-RND-02 [R231]: Types de widgets supportes et mapping Design System Orion","passed","passed","18410","0","","CT-RND-02-evidence.png"
"ORI-1068","orion-autonomous-catalog.spec.ts > ORI-PIPELINE-AUTONOMOUS: Exécution dynamique de la matrice Excel > ORI-1068 - CT-RND-03 [R232]: RG_BSN_QUAL_04 / CA-02 - Navigation entre etapes (Precedent/Suivant/stepper) et indicateur de completude","passed","passed","2719","0","","CT-RND-03-evidence.png"
"ORI-1068","orion-autonomous-catalog.spec.ts > ORI-PIPELINE-AUTONOMOUS: Exécution dynamique de la matrice Excel > ORI-1068 - CT-RND-04 [R233]: RG_BSN_QUAL_02 / CA-03 - Champs conditionnels (affichage/masquage + reinitialisation)","passed","passed","14880","0","","CT-RND-04-evidence.png"
"ORI-1068","orion-autonomous-catalog.spec.ts > ORI-PIPELINE-AUTONOMOUS: Exécution dynamique de la matrice Excel > ORI-1068 - CT-RND-05 [R234]: RG_BSN_QUAL_03/07 - Validation des champs et completude d'etape","passed","passed","1910","0","","CT-RND-05-evidence.png"
"ORI-1068","orion-autonomous-catalog.spec.ts > ORI-PIPELINE-AUTONOMOUS: Exécution dynamique de la matrice Excel > ORI-1068 - CT-RND-06 [R235]: RG_BSN_QUAL_06/07 / CA-04 - Enregistrement partiel (statut 'Qualification en cours')","passed","passed","18091","0","","CT-RND-06-evidence.png"
"ORI-1068","orion-autonomous-catalog.spec.ts > ORI-PIPELINE-AUTONOMOUS: Exécution dynamique de la matrice Excel > ORI-1068 - CT-RND-07 [R236]: RG_BSN_QUAL_06/07 / CA-06 - Qualification complete (statut 'Qualifie' + fermeture + refresh)","passed","passed","1966","0","","CT-RND-07-evidence.png"
"ORI-1068","orion-autonomous-catalog.spec.ts > ORI-PIPELINE-AUTONOMOUS: Exécution dynamique de la matrice Excel > ORI-1068 - CT-RND-08 [R237]: RG_BSN_QUAL_05/09 / CA-05/CA-08 - Versionning : conservation de la version du JSON","passed","passed","1924","0","","CT-RND-08-evidence.png"
"ORI-1068","orion-autonomous-catalog.spec.ts > ORI-PIPELINE-AUTONOMOUS: Exécution dynamique de la matrice Excel > ORI-1068 - CT-RND-09 [R238]: CA-07 - Fermeture de la modale sans enregistrement (dialogue de confirmation)","passed","passed","18115","0","","CT-RND-09-evidence.png"
"ORI-452","orion-autonomous-catalog.spec.ts > ORI-PIPELINE-AUTONOMOUS: Exécution dynamique de la matrice Excel > ORI-452 - CT-DUR-01 [R240]: RG_CTR_INT_01 / Scenario 1 - Duree de realisation trop longue : notification generee","passed","passed","1985","0","","CT-DUR-01-evidence.png"
"ORI-452","orion-autonomous-catalog.spec.ts > ORI-PIPELINE-AUTONOMOUS: Exécution dynamique de la matrice Excel > ORI-452 - CT-DUR-02 [R241]: RG_CTR_INT_01 / Scenario 2 - Duree de realisation trop courte : notification generee","passed","passed","1832","0","","CT-DUR-02-evidence.png"
"ORI-452","orion-autonomous-catalog.spec.ts > ORI-PIPELINE-AUTONOMOUS: Exécution dynamique de la matrice Excel > ORI-452 - CT-DUR-03 [R242]: RG_CTR_INT_01 / Scenario 3 - Duree de realisation conforme : aucune notification","passed","passed","1889","0","","CT-DUR-03-evidence.png"
"ORI-452","orion-autonomous-catalog.spec.ts > ORI-PIPELINE-AUTONOMOUS: Exécution dynamique de la matrice Excel > ORI-452 - CT-DUR-04 [R243]: RG_CTR_INT_01 - Bornes exactes du seuil (planifiee +/- seuil) : conforme (non strict)","passed","passed","1845","0","","CT-DUR-04-evidence.png"
"ORI-452","orion-autonomous-catalog.spec.ts > ORI-PIPELINE-AUTONOMOUS: Exécution dynamique de la matrice Excel > ORI-452 - CT-DUR-05 [R244]: RG_CTR_INT_01 - Seuil differencie par famille de produits (table DMN)","passed","passed","1889","0","","CT-DUR-05-evidence.png"
"ORI-452","orion-autonomous-catalog.spec.ts > ORI-PIPELINE-AUTONOMOUS: Exécution dynamique de la matrice Excel > ORI-452 - CT-DUR-06 [R245]: RG_CTR_INT_02 - Contenu et attributs de la notification creee (DMN criteres + statut)","passed","passed","1880","0","","CT-DUR-06-evidence.png"
"ORI-688","orion-autonomous-catalog.spec.ts > ORI-PIPELINE-AUTONOMOUS: Exécution dynamique de la matrice Excel > ORI-688 - CT-PTG-01 [R247]: RG_PLA_HRD_01 - Presence des 2 icones (debut et fin) sur la carte d'intervention","passed","passed","1831","0","","CT-PTG-01-evidence.png"
"ORI-688","orion-autonomous-catalog.spec.ts > ORI-PIPELINE-AUTONOMOUS: Exécution dynamique de la matrice Excel > ORI-688 - CT-PTG-02 [R248]: RG_PLA_HRD_01 - Icone selon le type de pointage (Aucun pointage / Scan QR / Manuel / Force)","passed","passed","1909","0","","CT-PTG-02-evidence.png"
"ORI-688","orion-autonomous-catalog.spec.ts > ORI-PIPELINE-AUTONOMOUS: Exécution dynamique de la matrice Excel > ORI-688 - CT-PTG-03 [R249]: RG_PLAI_BAI_01 - Priorite des pointages : force > declare > planifie (icone et horodate)","passed","passed","1892","0","","CT-PTG-03-evidence.png"
"ORI-688","orion-autonomous-catalog.spec.ts > ORI-PIPELINE-AUTONOMOUS: Exécution dynamique de la matrice Excel > ORI-688 - CT-PTG-04 [R250]: RG_PLA_TLP_01 - Infobulle au survol : type des pointages par intervenant","passed","passed","1837","0","","CT-PTG-04-evidence.png"
"ORI-688","orion-autonomous-catalog.spec.ts > ORI-PIPELINE-AUTONOMOUS: Exécution dynamique de la matrice Excel > ORI-688 - CT-PTG-05 [R251]: RG_PLA_HRD_01 - Affichage identique de l'etat des pointages dans la vue 'Clients'","passed","passed","1886","0","","CT-PTG-05-evidence.png"
"ORI-688","orion-autonomous-catalog.spec.ts > ORI-PIPELINE-AUTONOMOUS: Exécution dynamique de la matrice Excel > ORI-688 - CT-PTG-06 [R252]: Mise a jour de l'etat des pointages a la reception/forcage d'un pointage","passed","passed","1865","0","","CT-PTG-06-evidence.png"
"ORI-728","orion-autonomous-catalog.spec.ts > ORI-PIPELINE-AUTONOMOUS: Exécution dynamique de la matrice Excel > ORI-728 - CT-DIS-01 [R254]: RG_CRT_SIN_07/08 / Scenario 7 - Intervenant disponible : serie et interventions creees (Pourvue)","passed","passed","1882","0","","CT-DIS-01-evidence.png"
"ORI-728","orion-autonomous-catalog.spec.ts > ORI-PIPELINE-AUTONOMOUS: Exécution dynamique de la matrice Excel > ORI-728 - CT-DIS-02 [R255]: RG_CRT_SIN_07/09 / Scenario 17 - Intervenant indisponible pour la serie : creation bloquee + notification","passed","passed","1896","0","","CT-DIS-02-evidence.png"
"ORI-728","orion-autonomous-catalog.spec.ts > ORI-PIPELINE-AUTONOMOUS: Exécution dynamique de la matrice Excel > ORI-728 - CT-DIS-03 [R256]: RG_CRT_SIN_08 / Scenario 18 - Disponible pour la serie mais indisponible pour une occurrence (Non pourvue)","passed","passed","1838","0","","CT-DIS-03-evidence.png"
"ORI-728","orion-autonomous-catalog.spec.ts > ORI-PIPELINE-AUTONOMOUS: Exécution dynamique de la matrice Excel > ORI-728 - CT-DIS-04 [R257]: RG_CRT_SIN_08 - Exclusion des elements au statut 'Annule' du controle de disponibilite","passed","passed","1881","0","","CT-DIS-04-evidence.png"
"ORI-728","orion-autonomous-catalog.spec.ts > ORI-PIPELINE-AUTONOMOUS: Exécution dynamique de la matrice Excel > ORI-728 - CT-DIS-05 [R258]: Scenarios 8/9 - Message sans intervenant (listeIdsIntervenants vide) : verification sautee","passed","passed","1879","0","","CT-DIS-05-evidence.png"
"ORI-728","orion-autonomous-catalog.spec.ts > ORI-PIPELINE-AUTONOMOUS: Exécution dynamique de la matrice Excel > ORI-728 - CT-DIS-06 [R259]: RG_CRT_SIN_07 - Perimetre de la verification serie : recurrents pris en compte, ponctuels ignores","passed","passed","1846","0","","CT-DIS-06-evidence.png"
"ORI-728","orion-autonomous-catalog.spec.ts > ORI-PIPELINE-AUTONOMOUS: Exécution dynamique de la matrice Excel > ORI-728 - CT-DIS-07 [R260]: RG_MOD_SIN_07/08 - Verification de disponibilite lors de la MODIFICATION d'une serie (miroir creation)","passed","passed","1856","0","","CT-DIS-07-evidence.png"
"ORI-750","orion-autonomous-catalog.spec.ts > ORI-PIPELINE-AUTONOMOUS: Exécution dynamique de la matrice Excel > ORI-750 - CT-ERR-01 [R262]: RG_CRT_SIN_01 / Scenarios 11-12 - Message non conforme (champ manquant ou incoherence) : notification d'erreur","passed","passed","1888","0","","CT-ERR-01-evidence.png"
"ORI-750","orion-autonomous-catalog.spec.ts > ORI-PIPELINE-AUTONOMOUS: Exécution dynamique de la matrice Excel > ORI-750 - CT-ERR-02 [R263]: Scenario 16 - Agence inconnue : notification d'erreur","passed","passed","1861","0","","CT-ERR-02-evidence.png"
"ORI-750","orion-autonomous-catalog.spec.ts > ORI-PIPELINE-AUTONOMOUS: Exécution dynamique de la matrice Excel > ORI-750 - CT-ERR-03 [R264]: Scenarios 14/15 - Client inconnu et intervenant inconnu : notification d'erreur","passed","passed","1898","0","","CT-ERR-03-evidence.png"
"ORI-750","orion-autonomous-catalog.spec.ts > ORI-PIPELINE-AUTONOMOUS: Exécution dynamique de la matrice Excel > ORI-750 - CT-ERR-04 [R265]: Scenario 17 - Intervenant indisponible pour la serie : notification d'erreur","passed","passed","1873","0","","CT-ERR-04-evidence.png"
"ORI-750","orion-autonomous-catalog.spec.ts > ORI-PIPELINE-AUTONOMOUS: Exécution dynamique de la matrice Excel > ORI-750 - CT-ERR-05 [R266]: Scenario 13 - Serie d'interventions deja existante : notification d'erreur","passed","passed","1902","0","","CT-ERR-05-evidence.png"
"ORI-750","orion-autonomous-catalog.spec.ts > ORI-PIPELINE-AUTONOMOUS: Exécution dynamique de la matrice Excel > ORI-750 - CT-ERR-06 [R267]: RG_CRT_SIN_09 - Contenu de la notification creee et attributs issus de la DMN","passed","passed","1906","0","","CT-ERR-06-evidence.png"
"ORI-750","orion-autonomous-catalog.spec.ts > ORI-PIPELINE-AUTONOMOUS: Exécution dynamique de la matrice Excel > ORI-750 - CT-ERR-07 [R268]: Notification des erreurs lors de la MODIFICATION d'une serie (miroir creation)","passed","passed","1898","0","","CT-ERR-07-evidence.png"
"ORI-750","orion-autonomous-catalog.spec.ts > ORI-PIPELINE-AUTONOMOUS: Exécution dynamique de la matrice Excel > ORI-750 - CT-ERR-01 [R270]: RG_CRT_SIN_01 / Scenarios 11-12 - Message non conforme (champ manquant ou incoherence) : notification d'erreur","passed","passed","1895","0","","CT-ERR-01-evidence.png"
"ORI-750","orion-autonomous-catalog.spec.ts > ORI-PIPELINE-AUTONOMOUS: Exécution dynamique de la matrice Excel > ORI-750 - CT-ERR-02 [R271]: Scenario 16 - Agence inconnue : notification d'erreur","passed","passed","1920","0","","CT-ERR-02-evidence.png"
"ORI-750","orion-autonomous-catalog.spec.ts > ORI-PIPELINE-AUTONOMOUS: Exécution dynamique de la matrice Excel > ORI-750 - CT-ERR-03 [R272]: Scenarios 14/15 - Client inconnu et intervenant inconnu : notification d'erreur","passed","passed","1900","0","","CT-ERR-03-evidence.png"
"ORI-750","orion-autonomous-catalog.spec.ts > ORI-PIPELINE-AUTONOMOUS: Exécution dynamique de la matrice Excel > ORI-750 - CT-ERR-04 [R273]: Scenario 17 - Intervenant indisponible pour la serie : notification d'erreur","passed","passed","1863","0","","CT-ERR-04-evidence.png"
"ORI-750","orion-autonomous-catalog.spec.ts > ORI-PIPELINE-AUTONOMOUS: Exécution dynamique de la matrice Excel > ORI-750 - CT-ERR-05 [R274]: Scenario 13 - Serie d'interventions deja existante : notification d'erreur","passed","passed","1852","0","","CT-ERR-05-evidence.png"
"ORI-750","orion-autonomous-catalog.spec.ts > ORI-PIPELINE-AUTONOMOUS: Exécution dynamique de la matrice Excel > ORI-750 - CT-ERR-06 [R275]: RG_CRT_SIN_09 - Contenu de la notification creee et attributs issus de la DMN","passed","passed","1899","0","","CT-ERR-06-evidence.png"
"ORI-750","orion-autonomous-catalog.spec.ts > ORI-PIPELINE-AUTONOMOUS: Exécution dynamique de la matrice Excel > ORI-750 - CT-ERR-07 [R276]: Notification des erreurs lors de la MODIFICATION d'une serie (miroir creation)","passed","passed","1881","0","","CT-ERR-07-evidence.png"
"ORI-790","orion-autonomous-catalog.spec.ts > ORI-PIPELINE-AUTONOMOUS: Exécution dynamique de la matrice Excel > ORI-790 - CT-AF-01 [R278]: RG_PAP_NAV_01 / CA_PAP_NAV_01 - Clic fleche/carte : navigation vers la sous-page de detail (3B)","passed","passed","3154","0","","CT-AF-01-evidence.png"
"ORI-790","orion-autonomous-catalog.spec.ts > ORI-PIPELINE-AUTONOMOUS: Exécution dynamique de la matrice Excel > ORI-790 - CT-AF-02 [R279]: RG_PAP_NAV_02 / CA_PAP_NAV_02/03 - Fil d'Ariane et retour a la liste","passed","passed","1931","0","","CT-AF-02-evidence.png"
"ORI-790","orion-autonomous-catalog.spec.ts > ORI-PIPELINE-AUTONOMOUS: Exécution dynamique de la matrice Excel > ORI-790 - CT-AF-03 [R280]: RG_PAP_HER_01/02 - Bandeau 'Herite du CDA' et champs en lecture seule","passed","passed","3161","0","","CT-AF-03-evidence.png"
"ORI-790","orion-autonomous-catalog.spec.ts > ORI-PIPELINE-AUTONOMOUS: Exécution dynamique de la matrice Excel > ORI-790 - CT-AF-04 [R281]: RG_PAP_PEC_01 / CA_PAP_PEC_01/02 - Calcul bidirectionnel taux PEC <-> montant PEC","passed","passed","40862","0","","CT-AF-04-evidence.png"
"ORI-790","orion-autonomous-catalog.spec.ts > ORI-PIPELINE-AUTONOMOUS: Exécution dynamique de la matrice Excel > ORI-790 - CT-AF-05 [R282]: RG_PAP_TYP_01/VOL_01/PLAF_01 - Typologies d'heures, volume alloue et plafond","passed","passed","32694","0","","CT-AF-05-evidence.png"
"ORI-790","orion-autonomous-catalog.spec.ts > ORI-PIPELINE-AUTONOMOUS: Exécution dynamique de la matrice Excel > ORI-790 - CT-AF-06 [R283]: RG_PAP_NAV_03 / CA_PAP_NAV_04 - Validation de la sous-page : sauvegarde, badge 'Personnalise' et retour liste","passed","passed","13912","0","","CT-AF-06-evidence.png"
"ORI-790","orion-autonomous-catalog.spec.ts > ORI-PIPELINE-AUTONOMOUS: Exécution dynamique de la matrice Excel > ORI-790 - CT-AF-07 [R284]: RG_PAP_NAV_04 / CA_PAP_NAV_05/06 - Sortie sans validation apres modifications : modale de confirmation","passed","passed","17155","0","","CT-AF-07-evidence.png"
"ORI-790","orion-autonomous-catalog.spec.ts > ORI-PIPELINE-AUTONOMOUS: Exécution dynamique de la matrice Excel > ORI-790 - CT-AF-08 [R285]: RG_PAP_ABC/FORF/ABO/TRJ - Affichage conditionnel du detail selon le format de facturation","passed","passed","3182","0","","CT-AF-08-evidence.png"
