"External ID","Issue Type","Summary","Description","Priority","Labels","Linked Requirement","Test Plan","Test Execution","Test Set"
"TP-LOCAL-SPRINT-11-12-13","Test Plan","ORI - Plan de test local Sprints 11, 12 et 13","Plan local genere depuis le classeur de recette. Aucune ecriture Jira/Xray automatique.","High","orion local-only sprint-11-12-13","","TP-LOCAL-SPRINT-11-12-13","",""
"TE-LOCAL-INT2-SPRINT-11-12-13","Test Execution","ORI - Execution Playwright locale INT2 Sprints 11, 12 et 13","Reference locale pour les resultats Playwright JSON/JUnit/HTML.","High","orion local-only int2 playwright","","TP-LOCAL-SPRINT-11-12-13","TE-LOCAL-INT2-SPRINT-11-12-13",""
"TS-ORI-773","Test Set","ORI-773 - Jeu de tests local","Regroupe les cas de test locaux rattaches a ORI-773.","Medium","orion local-only test-set","ORI-773","TP-LOCAL-SPRINT-11-12-13","TE-LOCAL-INT2-SPRINT-11-12-13","TS-ORI-773"
"TS-ORI-783","Test Set","ORI-783 - Jeu de tests local","Regroupe les cas de test locaux rattaches a ORI-783.","Medium","orion local-only test-set","ORI-783","TP-LOCAL-SPRINT-11-12-13","TE-LOCAL-INT2-SPRINT-11-12-13","TS-ORI-783"
"TS-ORI-871","Test Set","ORI-871 - Jeu de tests local","Regroupe les cas de test locaux rattaches a ORI-871.","Medium","orion local-only test-set","ORI-871","TP-LOCAL-SPRINT-11-12-13","TE-LOCAL-INT2-SPRINT-11-12-13","TS-ORI-871"
"TS-ORI-872","Test Set","ORI-872 - Jeu de tests local","Regroupe les cas de test locaux rattaches a ORI-872.","Medium","orion local-only test-set","ORI-872","TP-LOCAL-SPRINT-11-12-13","TE-LOCAL-INT2-SPRINT-11-12-13","TS-ORI-872"
"TS-ORI-873","Test Set","ORI-873 - Jeu de tests local","Regroupe les cas de test locaux rattaches a ORI-873.","Medium","orion local-only test-set","ORI-873","TP-LOCAL-SPRINT-11-12-13","TE-LOCAL-INT2-SPRINT-11-12-13","TS-ORI-873"
"TS-ORI-931","Test Set","ORI-931 - Jeu de tests local","Regroupe les cas de test locaux rattaches a ORI-931.","Medium","orion local-only test-set","ORI-931","TP-LOCAL-SPRINT-11-12-13","TE-LOCAL-INT2-SPRINT-11-12-13","TS-ORI-931"
"TS-ORI-933","Test Set","ORI-933 - Jeu de tests local","Regroupe les cas de test locaux rattaches a ORI-933.","Medium","orion local-only test-set","ORI-933","TP-LOCAL-SPRINT-11-12-13","TE-LOCAL-INT2-SPRINT-11-12-13","TS-ORI-933"
"TS-ORI-1036","Test Set","ORI-1036 - Jeu de tests local","Regroupe les cas de test locaux rattaches a ORI-1036.","Medium","orion local-only test-set","ORI-1036","TP-LOCAL-SPRINT-11-12-13","TE-LOCAL-INT2-SPRINT-11-12-13","TS-ORI-1036"
"TS-ORI-1308","Test Set","ORI-1308 - Jeu de tests local","Regroupe les cas de test locaux rattaches a ORI-1308.","Medium","orion local-only test-set","ORI-1308","TP-LOCAL-SPRINT-11-12-13","TE-LOCAL-INT2-SPRINT-11-12-13","TS-ORI-1308"
"TS-ORI-657","Test Set","ORI-657 - Jeu de tests local","Regroupe les cas de test locaux rattaches a ORI-657.","Medium","orion local-only test-set","ORI-657","TP-LOCAL-SPRINT-11-12-13","TE-LOCAL-INT2-SPRINT-11-12-13","TS-ORI-657"
"TS-ORI-1065","Test Set","ORI-1065 - Jeu de tests local","Regroupe les cas de test locaux rattaches a ORI-1065.","Medium","orion local-only test-set","ORI-1065","TP-LOCAL-SPRINT-11-12-13","TE-LOCAL-INT2-SPRINT-11-12-13","TS-ORI-1065"
"TS-ORI-1067","Test Set","ORI-1067 - Jeu de tests local","Regroupe les cas de test locaux rattaches a ORI-1067.","Medium","orion local-only test-set","ORI-1067","TP-LOCAL-SPRINT-11-12-13","TE-LOCAL-INT2-SPRINT-11-12-13","TS-ORI-1067"
"TS-ORI-723","Test Set","ORI-723 - Jeu de tests local","Regroupe les cas de test locaux rattaches a ORI-723.","Medium","orion local-only test-set","ORI-723","TP-LOCAL-SPRINT-11-12-13","TE-LOCAL-INT2-SPRINT-11-12-13","TS-ORI-723"
"TS-ORI-1039","Test Set","ORI-1039 - Jeu de tests local","Regroupe les cas de test locaux rattaches a ORI-1039.","Medium","orion local-only test-set","ORI-1039","TP-LOCAL-SPRINT-11-12-13","TE-LOCAL-INT2-SPRINT-11-12-13","TS-ORI-1039"
"TS-ORI-91","Test Set","ORI-91 - Jeu de tests local","Regroupe les cas de test locaux rattaches a ORI-91.","Medium","orion local-only test-set","ORI-91","TP-LOCAL-SPRINT-11-12-13","TE-LOCAL-INT2-SPRINT-11-12-13","TS-ORI-91"
"TS-ORI-936","Test Set","ORI-936 - Jeu de tests local","Regroupe les cas de test locaux rattaches a ORI-936.","Medium","orion local-only test-set","ORI-936","TP-LOCAL-SPRINT-11-12-13","TE-LOCAL-INT2-SPRINT-11-12-13","TS-ORI-936"
"TS-ORI-956","Test Set","ORI-956 - Jeu de tests local","Regroupe les cas de test locaux rattaches a ORI-956.","Medium","orion local-only test-set","ORI-956","TP-LOCAL-SPRINT-11-12-13","TE-LOCAL-INT2-SPRINT-11-12-13","TS-ORI-956"
"TS-ORI-1356","Test Set","ORI-1356 - Jeu de tests local","Regroupe les cas de test locaux rattaches a ORI-1356.","Medium","orion local-only test-set","ORI-1356","TP-LOCAL-SPRINT-11-12-13","TE-LOCAL-INT2-SPRINT-11-12-13","TS-ORI-1356"
"TS-ORI-745","Test Set","ORI-745 - Jeu de tests local","Regroupe les cas de test locaux rattaches a ORI-745.","Medium","orion local-only test-set","ORI-745","TP-LOCAL-SPRINT-11-12-13","TE-LOCAL-INT2-SPRINT-11-12-13","TS-ORI-745"
"TS-ORI-769","Test Set","ORI-769 - Jeu de tests local","Regroupe les cas de test locaux rattaches a ORI-769.","Medium","orion local-only test-set","ORI-769","TP-LOCAL-SPRINT-11-12-13","TE-LOCAL-INT2-SPRINT-11-12-13","TS-ORI-769"
"TS-ORI-368","Test Set","ORI-368 - Jeu de tests local","Regroupe les cas de test locaux rattaches a ORI-368.","Medium","orion local-only test-set","ORI-368","TP-LOCAL-SPRINT-11-12-13","TE-LOCAL-INT2-SPRINT-11-12-13","TS-ORI-368"
"TS-ORI-667","Test Set","ORI-667 - Jeu de tests local","Regroupe les cas de test locaux rattaches a ORI-667.","Medium","orion local-only test-set","ORI-667","TP-LOCAL-SPRINT-11-12-13","TE-LOCAL-INT2-SPRINT-11-12-13","TS-ORI-667"
"TS-ORI-995","Test Set","ORI-995 - Jeu de tests local","Regroupe les cas de test locaux rattaches a ORI-995.","Medium","orion local-only test-set","ORI-995","TP-LOCAL-SPRINT-11-12-13","TE-LOCAL-INT2-SPRINT-11-12-13","TS-ORI-995"
"TS-ORI-1068","Test Set","ORI-1068 - Jeu de tests local","Regroupe les cas de test locaux rattaches a ORI-1068.","Medium","orion local-only test-set","ORI-1068","TP-LOCAL-SPRINT-11-12-13","TE-LOCAL-INT2-SPRINT-11-12-13","TS-ORI-1068"
"TS-ORI-452","Test Set","ORI-452 - Jeu de tests local","Regroupe les cas de test locaux rattaches a ORI-452.","Medium","orion local-only test-set","ORI-452","TP-LOCAL-SPRINT-11-12-13","TE-LOCAL-INT2-SPRINT-11-12-13","TS-ORI-452"
"TS-ORI-688","Test Set","ORI-688 - Jeu de tests local","Regroupe les cas de test locaux rattaches a ORI-688.","Medium","orion local-only test-set","ORI-688","TP-LOCAL-SPRINT-11-12-13","TE-LOCAL-INT2-SPRINT-11-12-13","TS-ORI-688"
"TS-ORI-728","Test Set","ORI-728 - Jeu de tests local","Regroupe les cas de test locaux rattaches a ORI-728.","Medium","orion local-only test-set","ORI-728","TP-LOCAL-SPRINT-11-12-13","TE-LOCAL-INT2-SPRINT-11-12-13","TS-ORI-728"
"TS-ORI-750","Test Set","ORI-750 - Jeu de tests local","Regroupe les cas de test locaux rattaches a ORI-750.","Medium","orion local-only test-set","ORI-750","TP-LOCAL-SPRINT-11-12-13","TE-LOCAL-INT2-SPRINT-11-12-13","TS-ORI-750"
"TS-ORI-790","Test Set","ORI-790 - Jeu de tests local","Regroupe les cas de test locaux rattaches a ORI-790.","Medium","orion local-only test-set","ORI-790","TP-LOCAL-SPRINT-11-12-13","TE-LOCAL-INT2-SPRINT-11-12-13","TS-ORI-790"
"TC-ORI-773-CT-STE-COORD-01-R5","Test","ORI-773 CT-STE-COORD-01 - Ouverture modale et pre-remplissage des champs","La modale s ouvre avec titre Modification de la societe, header (raison sociale + statut), tous champs pre-remplis, et champs non modifiables (Raison sociale, Indicateur completude) grises.","High","orion local-only playwright-candidate","ORI-773","TP-LOCAL-SPRINT-11-12-13","TE-LOCAL-INT2-SPRINT-11-12-13","TS-ORI-773"
"TC-ORI-773-CT-STE-COORD-02-R6","Test","ORI-773 CT-STE-COORD-02 - Modification et enregistrement nominal","La modification est enregistree en base, le bouton Enregistrer se grise apres sauvegarde, la modale reste ouverte (RG_GEN_ENR_01), et la fiche consultation reflete les nouvelles valeurs.","High","orion local-only playwright-candidate","ORI-773","TP-LOCAL-SPRINT-11-12-13","TE-LOCAL-INT2-SPRINT-11-12-13","TS-ORI-773"
"TC-ORI-773-CT-STE-COORD-03-R7","Test","ORI-773 CT-STE-COORD-03 - Heritage adresse vers etablissements principaux (RG_STE_ADRESS_HERIT_ETAB)","La modification de l adresse du siege est automatiquement reportee dans les etablissements principaux qui heritent de l adresse, MAIS n impacte PAS les etablissements avec adresse propre (RG_STE_ADRESS_HERIT_ETAB).","High","orion local-only playwright-candidate","ORI-773","TP-LOCAL-SPRINT-11-12-13","TE-LOCAL-INT2-SPRINT-11-12-13","TS-ORI-773"
"TC-ORI-773-CT-STE-COORD-04-R8","Test","ORI-773 CT-STE-COORD-04 - Controles champs obligatoires NULL sur societe Active (RG_STE_Modif)","Sur une societe Active, la mise a NULL d un champ obligatoire est bloquee avec le message exact DONNEE OBLIGATOIRE : Votre modification va a l encontre du statut de la societe. L enregistrement n est possible qu avec tous les champs obligatoires renseignes.","High","orion local-only playwright-candidate","ORI-773","TP-LOCAL-SPRINT-11-12-13","TE-LOCAL-INT2-SPRINT-11-12-13","TS-ORI-773"
"TC-ORI-773-CT-STE-COORD-05-R9","Test","ORI-773 CT-STE-COORD-05 - Controle SIREN: unicite + cle de Luhn + lien API SIRENE","Le SIREN est controle sur unicite (message Ce SIREN existe deja dans le systeme.) et cle de Luhn (message Le SIREN saisi est invalide). Le lien Completer via le SIREN ne s active que si SIREN valide et appelle l API SIRENE pour auto-completer les champs.","High","orion local-only playwright-candidate","ORI-773","TP-LOCAL-SPRINT-11-12-13","TE-LOCAL-INT2-SPRINT-11-12-13","TS-ORI-773"
"TC-ORI-773-CT-STE-COORD-06-R10","Test","ORI-773 CT-STE-COORD-06 - Bouton Suivant: navigation multi-etapes sans enregistrement","Le bouton Suivant navigue entre les etapes de la modale SANS enregistrer en base de donnees et SANS fermer la modale (RG_GEN_SUIV_01). Les modifications restent en memoire tant que la modale est ouverte.","Medium","orion local-only playwright-candidate","ORI-773","TP-LOCAL-SPRINT-11-12-13","TE-LOCAL-INT2-SPRINT-11-12-13","TS-ORI-773"
"TC-ORI-773-CT-STE-COORD-07-R11","Test","ORI-773 CT-STE-COORD-07 - Calcul etat de la fiche apres modification (RG_STE_ETATFICHE_01)","L etat de la section est recalcule a chaque enregistrement. La section Coordonnees Legales est Informations completes quand tous champs obligatoires renseignes (hors Tel et Email representant). L etat global passe a Complete si les 4 sections le sont (RG_STE_ETATFICHE_01).","Medium","orion local-only playwright-candidate","ORI-773","TP-LOCAL-SPRINT-11-12-13","TE-LOCAL-INT2-SPRINT-11-12-13","TS-ORI-773"
"TC-ORI-773-CT-STE-COORD-08-R12","Test","ORI-773 CT-STE-COORD-08 - Controles de format: longueur max, email, telephone","Les controles de format (longueur max par champ, format email avec @, format telephone) bloquent l enregistrement avec messages d erreur explicites sous chaque champ concerne. L enregistrement n est possible qu apres correction de tous les champs.","Medium","orion local-only playwright-candidate","ORI-773","TP-LOCAL-SPRINT-11-12-13","TE-LOCAL-INT2-SPRINT-11-12-13","TS-ORI-773"
"TC-ORI-783-CT-ETAB-01-R14","Test","ORI-783 CT-ETAB-01 - Ouverture modale + pre-remplissage Aspects Juridiques","La modale affiche titre Modification d un etablissement, header avec entite parente + statut, tous champs pre-remplis, et champs non modifiables grises.","High","orion local-only playwright-candidate","ORI-783","TP-LOCAL-SPRINT-11-12-13","TE-LOCAL-INT2-SPRINT-11-12-13","TS-ORI-783"
"TC-ORI-783-CT-ETAB-02-R15","Test","ORI-783 CT-ETAB-02 - Modification et enregistrement nominal (etab INACTIF)","Sur un etab INACTIF, le SIRET est modifiable, l API SIRENE est appelee au save (RG_ETAB_SIRET_03), et l enregistrement fonctionne normalement.","High","orion local-only playwright-candidate","ORI-783","TP-LOCAL-SPRINT-11-12-13","TE-LOCAL-INT2-SPRINT-11-12-13","TS-ORI-783"
"TC-ORI-783-CT-ETAB-03-R16","Test","ORI-783 CT-ETAB-03 - Controle SIRET: unicite + lien Completer via SIRET","Le SIRET est controle sur unicite (Ce SIRET existe deja) et format (14 chiffres). Le lien Completer via SIRET ne s active que si valide et auto-complete les champs via API SIRENE.","High","orion local-only playwright-candidate","ORI-783","TP-LOCAL-SPRINT-11-12-13","TE-LOCAL-INT2-SPRINT-11-12-13","TS-ORI-783"
"TC-ORI-783-CT-ETAB-04-R17","Test","ORI-783 CT-ETAB-04 - Champs obligatoires NULL sur etab ACTIF (RG_ETAB_Modif)","Sur un etab Actif, la mise a NULL d un champ obligatoire est bloquee avec message exact. Enregistrement impossible tant que champs obligatoires non renseignes.","High","orion local-only playwright-candidate","ORI-783","TP-LOCAL-SPRINT-11-12-13","TE-LOCAL-INT2-SPRINT-11-12-13","TS-ORI-783"
"TC-ORI-783-CT-ETAB-05-R18","Test","ORI-783 CT-ETAB-05 - SIRET verrouille sur etab ACTIF (RG_ETAB_SIRET_MODIF_INTERDITE_SI_ACTIF)","Sur un etab ACTIF, le SIRET est verrouille (grise + bouton API grise). Meme via contournement API, le backend bloque avec message explicite.","High","orion local-only playwright-candidate","ORI-783","TP-LOCAL-SPRINT-11-12-13","TE-LOCAL-INT2-SPRINT-11-12-13","TS-ORI-783"
"TC-ORI-783-CT-ETAB-06-R19","Test","ORI-783 CT-ETAB-06 - Changement type Principal + protection si deja un principal (RG_ETAB_CHG_PRINCIPAL)","Le changement de type vers Principal est protege: message d avertissement si un autre est deja Principal. Il faut d abord declasser l autre.","High","orion local-only playwright-candidate","ORI-783","TP-LOCAL-SPRINT-11-12-13","TE-LOCAL-INT2-SPRINT-11-12-13","TS-ORI-783"
"TC-ORI-783-CT-ETAB-07-R20","Test","ORI-783 CT-ETAB-07 - Heritage inactivation parent + blocage ACTIF vers INACTIF","L heritage d inactivation parent fonctionne (societe inactive -> etab inactif). Et un etab ACTIF ne peut pas devenir INACTIF par modification (blocage avec message explicite).","High","orion local-only playwright-candidate","ORI-783","TP-LOCAL-SPRINT-11-12-13","TE-LOCAL-INT2-SPRINT-11-12-13","TS-ORI-783"
"TC-ORI-783-CT-ETAB-08-R21","Test","ORI-783 CT-ETAB-08 - Bouton Suivant + Calcul etat fiche (RG_ETAB_ETATFICHE_01)","Suivant navigue sans enregistrer. L etat de la section est recalcule a l enregistrement. FINESS exclu des champs obligatoires pour completude.","Medium","orion local-only playwright-candidate","ORI-783","TP-LOCAL-SPRINT-11-12-13","TE-LOCAL-INT2-SPRINT-11-12-13","TS-ORI-783"
"TC-ORI-783-CT-ETAB-09-R22","Test","ORI-783 CT-ETAB-09 - Controles format: longueur max, dates, alphanumeriques","Controles format (longueur, dates, alphanumeriques) bloquent avec messages explicites. Enregistrement possible apres correction.","Medium","orion local-only playwright-candidate","ORI-783","TP-LOCAL-SPRINT-11-12-13","TE-LOCAL-INT2-SPRINT-11-12-13","TS-ORI-783"
"TC-ORI-871-CT-HAB-F5-01-R24","Test","ORI-871 CT-HAB-F5-01 - SC1: Premiere modification - compteur apparait a 1","Des la premiere modification d un droit fin ou special, le compteur apparait sur la sticky bar et affiche 1 (RG_HAB_DPRME_011).","High","orion local-only playwright-candidate","ORI-871","TP-LOCAL-SPRINT-11-12-13","TE-LOCAL-INT2-SPRINT-11-12-13","TS-ORI-871"
"TC-ORI-871-CT-HAB-F5-02-R25","Test","ORI-871 CT-HAB-F5-02 - SC2: Incrementation compteur - modification droit fin","Chaque modification d un droit fin par rapport a son etat initial incremente le compteur de 1 (RG_HAB_DPRME_012).","High","orion local-only playwright-candidate","ORI-871","TP-LOCAL-SPRINT-11-12-13","TE-LOCAL-INT2-SPRINT-11-12-13","TS-ORI-871"
"TC-ORI-871-CT-HAB-F5-03-R26","Test","ORI-871 CT-HAB-F5-03 - SC3: Incrementation compteur - modification droit special","La modification d un droit special incremente le compteur de 1 SANS impacter le droit fin maitre (RG_HAB_DPRME_012 + RG_HAB_DPRME_013).","High","orion local-only playwright-candidate","ORI-871","TP-LOCAL-SPRINT-11-12-13","TE-LOCAL-INT2-SPRINT-11-12-13","TS-ORI-871"
"TC-ORI-871-CT-HAB-F5-04-R27","Test","ORI-871 CT-HAB-F5-04 - SC4: Decrementation compteur - retour a l etat initial","Le retour d un droit a son etat initial (meme niveau qu au passage en mode edition) decremente le compteur de 1 (RG_HAB_DPRME_012).","High","orion local-only playwright-candidate","ORI-871","TP-LOCAL-SPRINT-11-12-13","TE-LOCAL-INT2-SPRINT-11-12-13","TS-ORI-871"
"TC-ORI-871-CT-HAB-F5-05-R28","Test","ORI-871 CT-HAB-F5-05 - SC5: Compteur +2 - auto-elevation droit maitre (passage Lecture seule)","L augmentation d un droit non-maitre provoque l auto-elevation du maitre si necessaire, comptant pour +2 au compteur. Le maitre ne peut plus etre baisse en dessous (radio Non accorde desactive).","High","orion local-only playwright-candidate","ORI-871","TP-LOCAL-SPRINT-11-12-13","TE-LOCAL-INT2-SPRINT-11-12-13","TS-ORI-871"
"TC-ORI-871-CT-HAB-F5-06-R29","Test","ORI-871 CT-HAB-F5-06 - SC6: Compteur +2 - auto-elevation droit maitre (passage Lecture/Ecriture)","Le passage en Lecture/Ecriture d un non-maitre force le maitre au meme niveau (+2 compteur). Les options inferieures du maitre sont desactivees: il faut d abord baisser les non-maitres.","High","orion local-only playwright-candidate","ORI-871","TP-LOCAL-SPRINT-11-12-13","TE-LOCAL-INT2-SPRINT-11-12-13","TS-ORI-871"
"TC-ORI-871-CT-HAB-F5-07-R30","Test","ORI-871 CT-HAB-F5-07 - SC7: Droit special - pas d impact sur le droit maitre","La modification d un droit special ne declenche JAMAIS d auto-elevation du droit fin maitre. Compteur +1 seul (RG_HAB_DPRME_013).","Medium","orion local-only playwright-candidate","ORI-871","TP-LOCAL-SPRINT-11-12-13","TE-LOCAL-INT2-SPRINT-11-12-13","TS-ORI-871"
"TC-ORI-871-CT-HAB-F5-08-R31","Test","ORI-871 CT-HAB-F5-08 - SC8: Compteur = ecart par rapport a etat initial (pas cumul d actions)","Le compteur reflète le nombre de DROITS DISTINCTS differents de leur etat initial, PAS le nombre d actions successives. Modifier un meme droit plusieurs fois ne compte que pour 1 tant que son etat final differe de l initial (RG_HAB_DPRME_014).","High","orion local-only playwright-candidate","ORI-871","TP-LOCAL-SPRINT-11-12-13","TE-LOCAL-INT2-SPRINT-11-12-13","TS-ORI-871"
"TC-ORI-872-CT-HAB-F1-01-R33","Test","ORI-872 CT-HAB-F1-01 - SC1+SC2: Affichage bloc en-tete en Lecture/Ecriture (sans et avec profil inclus)","En lecture/ecriture, le bloc en-tete affiche nom + description + profil inclus (si existe), avec bouton Modifier et menu Supprimer visibles.","High","orion local-only playwright-candidate","ORI-872","TP-LOCAL-SPRINT-11-12-13","TE-LOCAL-INT2-SPRINT-11-12-13","TS-ORI-872"
"TC-ORI-872-CT-HAB-F1-02-R34","Test","ORI-872 CT-HAB-F1-02 - SC3+SC4: Affichage bloc en-tete en Lecture seule (boutons absents)","En lecture seule, le bloc en-tete affiche nom + description + profil inclus MAIS le bouton Modifier et le menu Supprimer sont completement invisibles.","High","orion local-only playwright-candidate","ORI-872","TP-LOCAL-SPRINT-11-12-13","TE-LOCAL-INT2-SPRINT-11-12-13","TS-ORI-872"
"TC-ORI-872-CT-HAB-F1-03-R35","Test","ORI-872 CT-HAB-F1-03 - SC5: Clic bouton Modifier -> ouverture modale modification profil","Le bouton Modifier ouvre la modale de modification de profil (E1.5.4.E) avec les donnees du profil pre-remplies.","High","orion local-only playwright-candidate","ORI-872","TP-LOCAL-SPRINT-11-12-13","TE-LOCAL-INT2-SPRINT-11-12-13","TS-ORI-872"
"TC-ORI-872-CT-HAB-F1-04-R36","Test","ORI-872 CT-HAB-F1-04 - SC6: Supprimer profil utilise (inclus dans autre ou affecte a un utilisateur) -> Action impossible","La suppression d un profil utilise (inclus ou affecte) est bloquee avec message Action impossible et seul Fermer/croix sont disponibles pour revenir au detail.","High","orion local-only playwright-candidate","ORI-872","TP-LOCAL-SPRINT-11-12-13","TE-LOCAL-INT2-SPRINT-11-12-13","TS-ORI-872"
"TC-ORI-872-CT-HAB-F1-05-R37","Test","ORI-872 CT-HAB-F1-05 - SC7: Supprimer profil non utilise - Annulation (pas de suppression)","Pour un profil non utilise, la modale de confirmation propose Annuler (pas de suppression) et retour au detail.","High","orion local-only playwright-candidate","ORI-872","TP-LOCAL-SPRINT-11-12-13","TE-LOCAL-INT2-SPRINT-11-12-13","TS-ORI-872"
"TC-ORI-872-CT-HAB-F1-06-R38","Test","ORI-872 CT-HAB-F1-06 - SC8: Supprimer profil non utilise - Suppression confirmee (Keycloak + snackbar)","La suppression confirmee entraine: suppression profil + droits dans Keycloak, snackbar Profil supprime avec succes, et retour a la liste des profils ou le profil a disparu.","High","orion local-only playwright-candidate","ORI-872","TP-LOCAL-SPRINT-11-12-13","TE-LOCAL-INT2-SPRINT-11-12-13","TS-ORI-872"
"TC-ORI-872-CT-HAB-F1-07-R39","Test","ORI-872 CT-HAB-F1-07 - Navigation fil d Ariane + retour liste","Le fil d Ariane permet la navigation correcte vers la liste des profils.","Medium","orion local-only playwright-candidate","ORI-872","TP-LOCAL-SPRINT-11-12-13","TE-LOCAL-INT2-SPRINT-11-12-13","TS-ORI-872"
"TC-ORI-873-CT-HAB-F2-01-R41","Test","ORI-873 CT-HAB-F2-01 - SC1+SC2: Affichage bloc Attributions des droits + ordre des categories","Le bloc Attributions des droits affiche les cas d usage du referentiel, regroupes en 4 categories dans l ordre defini, en lecture seule. La selection d un CU affiche ses droits fins et speciaux.","High","orion local-only playwright-candidate","ORI-873","TP-LOCAL-SPRINT-11-12-13","TE-LOCAL-INT2-SPRINT-11-12-13","TS-ORI-873"
"TC-ORI-873-CT-HAB-F2-02-R42","Test","ORI-873 CT-HAB-F2-02 - SC3+SC4: Cas d usage SANS filtre niveau 2 (non depliable, selection directe)","Un CU sans filtre niveau 2 affiche uniquement son libelle niveau 1, n est pas depliable, et sa selection affiche directement la matrice des droits.","High","orion local-only playwright-candidate","ORI-873","TP-LOCAL-SPRINT-11-12-13","TE-LOCAL-INT2-SPRINT-11-12-13","TS-ORI-873"
"TC-ORI-873-CT-HAB-F2-03-R43","Test","ORI-873 CT-HAB-F2-03 - SC5+SC6+SC7: Cas d usage AVEC filtres niveau 2 (depliable, parent non selectionnable)","Un CU avec filtres niveau 2 est depliable (chevron), le parent n est pas selectionnable, et seul un filtre niveau 2 permet d afficher la matrice des droits correspondante.","High","orion local-only playwright-candidate","ORI-873","TP-LOCAL-SPRINT-11-12-13","TE-LOCAL-INT2-SPRINT-11-12-13","TS-ORI-873"
"TC-ORI-873-CT-HAB-F2-04-R44","Test","ORI-873 CT-HAB-F2-04 - SC8: Selection par defaut a l ouverture - premier CU sans filtre niveau 2","A l ouverture, le premier CU (sans niveau 2) est automatiquement selectionne avec sa matrice affichee.","High","orion local-only playwright-candidate","ORI-873","TP-LOCAL-SPRINT-11-12-13","TE-LOCAL-INT2-SPRINT-11-12-13","TS-ORI-873"
"TC-ORI-873-CT-HAB-F2-05-R45","Test","ORI-873 CT-HAB-F2-05 - SC9: Selection par defaut a l ouverture - premier CU avec filtres niveau 2 (deploye auto)","A l ouverture, si le premier CU a des filtres niveau 2, il est automatiquement deplie et le premier filtre est selectionne avec sa matrice affichee.","High","orion local-only playwright-candidate","ORI-873","TP-LOCAL-SPRINT-11-12-13","TE-LOCAL-INT2-SPRINT-11-12-13","TS-ORI-873"
"TC-ORI-873-CT-HAB-F2-06-R46","Test","ORI-873 CT-HAB-F2-06 - SC10: Ascenseur lateral si nombre de cas d usage important","Un ascenseur lateral apparait automatiquement quand le nombre de CU depasse la zone visible, permettant d acceder a tous les CU.","Medium","orion local-only playwright-candidate","ORI-873","TP-LOCAL-SPRINT-11-12-13","TE-LOCAL-INT2-SPRINT-11-12-13","TS-ORI-873"
"TC-ORI-931-CT-HAB-F3-01-R48","Test","ORI-931 CT-HAB-F3-01 - SC1+SC2: En-tete matrice des droits + tableau 5 colonnes avec tooltips","L en-tete affiche le nom complet du CU + description. Le tableau a 5 colonnes avec tooltips explicatifs sur chaque icone info.","High","orion local-only playwright-candidate","ORI-931","TP-LOCAL-SPRINT-11-12-13","TE-LOCAL-INT2-SPRINT-11-12-13","TS-ORI-931"
"TC-ORI-931-CT-HAB-F3-02-R49","Test","ORI-931 CT-HAB-F3-02 - SC3+SC4+SC5: Liste droits fins, droit maitre en premier, tag profil inclus","Les droits fins sont affiches dans l ordre du referentiel. Le droit maitre est en premier avec son tag + message. Les droits herites portent le tag du profil inclus (tronque si trop long).","High","orion local-only playwright-candidate","ORI-931","TP-LOCAL-SPRINT-11-12-13","TE-LOCAL-INT2-SPRINT-11-12-13","TS-ORI-931"
"TC-ORI-931-CT-HAB-F3-03-R50","Test","ORI-931 CT-HAB-F3-03 - SC6: Autorisations radio boutons mutuellement exclusifs + etat par defaut","Les autorisations sont representees par 3 radio boutons mutuellement exclusifs. L etat par defaut a la creation est Non accorde.","High","orion local-only playwright-candidate","ORI-931","TP-LOCAL-SPRINT-11-12-13","TE-LOCAL-INT2-SPRINT-11-12-13","TS-ORI-931"
"TC-ORI-931-CT-HAB-F3-04-R51","Test","ORI-931 CT-HAB-F3-04 - SC7+SC8+SC9+SC10: Colonne Statut - 4 cas (Elevation possible, Eleve, Verrouille, Non renseigne)","La colonne Statut indique Elevation possible (herite LS), Eleve (augmente depuis LS), Verrouille (herite L/E, non retrogradable), ou non renseignee (Non accorde sur inclus).","High","orion local-only playwright-candidate","ORI-931","TP-LOCAL-SPRINT-11-12-13","TE-LOCAL-INT2-SPRINT-11-12-13","TS-ORI-931"
"TC-ORI-931-CT-HAB-F3-05-R52","Test","ORI-931 CT-HAB-F3-05 - SC11+SC12: Blocage du droit maitre selon autorisations des non-maitres","Le droit maitre est automatiquement bloque au niveau le plus eleve des non-maitres: L/E si au moins 1 non-maitre en L/E, LS minimum si au moins 1 en LS. Libre si tous en Non accorde.","High","orion local-only playwright-candidate","ORI-931","TP-LOCAL-SPRINT-11-12-13","TE-LOCAL-INT2-SPRINT-11-12-13","TS-ORI-931"
"TC-ORI-931-CT-HAB-F3-06-R53","Test","ORI-931 CT-HAB-F3-06 - SC13: Droit maitre non herite, Statut non renseigne malgre blocage","La colonne Statut n est JAMAIS renseignee pour un droit maitre non herite, meme si ses radio boutons sont partiellement desactives par le blocage RG_HAB_DPRDF_004. Le Statut ne concerne que les droits herites du profil inclus.","Medium","orion local-only playwright-candidate","ORI-931","TP-LOCAL-SPRINT-11-12-13","TE-LOCAL-INT2-SPRINT-11-12-13","TS-ORI-931"
"TC-ORI-933-CT-HAB-F4-01-R55","Test","ORI-933 CT-HAB-F4-01 - SC1+SC2: Affichage tableau droits speciaux (4 colonnes + tooltips + Statut profil inclus)","Le tableau des droits speciaux affiche 4 colonnes avec tooltips. La colonne Statut est valorisee uniquement pour les droits herites Accordes (= Verrouille). Non renseignee sinon.","High","orion local-only playwright-candidate","ORI-933","TP-LOCAL-SPRINT-11-12-13","TE-LOCAL-INT2-SPRINT-11-12-13","TS-ORI-933"
"TC-ORI-933-CT-HAB-F4-02-R56","Test","ORI-933 CT-HAB-F4-02 - SC3+SC4: Liste droits speciaux (nom, tooltip, ordre, tag profil inclus)","Les droits speciaux sont affiches dans l ordre du referentiel avec tooltip descriptif. Les droits herites portent le tag du profil inclus (tronque si trop long). Les propres n ont pas de tag.","High","orion local-only playwright-candidate","ORI-933","TP-LOCAL-SPRINT-11-12-13","TE-LOCAL-INT2-SPRINT-11-12-13","TS-ORI-933"
"TC-ORI-933-CT-HAB-F4-03-R57","Test","ORI-933 CT-HAB-F4-03 - SC5: Autorisations radio boutons (2 colonnes) + etat defaut Non accorde","Les autorisations droits speciaux sont 2 radio boutons mutuellement exclusifs. L etat par defaut a la creation est Non accorde.","High","orion local-only playwright-candidate","ORI-933","TP-LOCAL-SPRINT-11-12-13","TE-LOCAL-INT2-SPRINT-11-12-13","TS-ORI-933"
"TC-ORI-933-CT-HAB-F4-04-R58","Test","ORI-933 CT-HAB-F4-04 - SC6: Statut Verrouille - droit special herite Accorde (non retirable)","Un droit special herite Accorde est Verrouille: radio boutons desactives, le droit ne peut pas etre retire.","High","orion local-only playwright-candidate","ORI-933","TP-LOCAL-SPRINT-11-12-13","TE-LOCAL-INT2-SPRINT-11-12-13","TS-ORI-933"
"TC-ORI-933-CT-HAB-F4-05-R59","Test","ORI-933 CT-HAB-F4-05 - SC7: Statut non renseigne - droit special Non accorde sur profil inclus","Un droit special Non accorde sur le profil inclus n a pas de Statut renseigne et ses radio boutons sont modifiables.","Medium","orion local-only playwright-candidate","ORI-933","TP-LOCAL-SPRINT-11-12-13","TE-LOCAL-INT2-SPRINT-11-12-13","TS-ORI-933"
"TC-ORI-933-CT-HAB-F4-06-R60","Test","ORI-933 CT-HAB-F4-06 - SC8: Aucun droit special attache au CU => tableau non affiche","Quand un CU n a aucun droit special, le tableau Droits speciaux n est pas affiche. Seuls les droits fins sont visibles.","Medium","orion local-only playwright-candidate","ORI-933","TP-LOCAL-SPRINT-11-12-13","TE-LOCAL-INT2-SPRINT-11-12-13","TS-ORI-933"
"TC-ORI-1036-CT-HAB-F6-01-R62","Test","ORI-1036 CT-HAB-F6-01 - SC1: Utilisateur SANS droit acces -> menu invisible","Sans droit d acces, le menu Gestion des profils est completement invisible et l acces aux ecrans est impossible.","High","orion local-only playwright-candidate","ORI-1036","TP-LOCAL-SPRINT-11-12-13","TE-LOCAL-INT2-SPRINT-11-12-13","TS-ORI-1036"
"TC-ORI-1036-CT-HAB-F6-02-R63","Test","ORI-1036 CT-HAB-F6-02 - SC2: Droit LECTURE SEULE -> sticky bar absente, matrice non modifiable","En lecture seule: menu visible, ecrans accessibles en consultation, mais boutons Creer/Modifier/Supprimer absents et sticky bar mode edition absente.","High","orion local-only playwright-candidate","ORI-1036","TP-LOCAL-SPRINT-11-12-13","TE-LOCAL-INT2-SPRINT-11-12-13","TS-ORI-1036"
"TC-ORI-1036-CT-HAB-F6-03-R64","Test","ORI-1036 CT-HAB-F6-03 - SC3+SC4: Droit L/E -> sticky bar presente, activation mode edition","En L/E, la sticky bar est presente en mode inactif. L activation rend la matrice modifiable avec compteur a 0, mais le profil inclus reste non modifiable.","High","orion local-only playwright-candidate","ORI-1036","TP-LOCAL-SPRINT-11-12-13","TE-LOCAL-INT2-SPRINT-11-12-13","TS-ORI-1036"
"TC-ORI-1036-CT-HAB-F6-04-R65","Test","ORI-1036 CT-HAB-F6-04 - SC6 a SC9: Annulation - confirm dialog si modifs, pas de dialog si 0 modif","Avec modifications: confirm dialog avant annulation. Confirmer = perte + retour lecture. Refuser = reste en edition. Sans modification: retour direct sans dialog.","High","orion local-only playwright-candidate","ORI-1036","TP-LOCAL-SPRINT-11-12-13","TE-LOCAL-INT2-SPRINT-11-12-13","TS-ORI-1036"
"TC-ORI-1036-CT-HAB-F6-05-R66","Test","ORI-1036 CT-HAB-F6-05 - SC10+SC11+SC12: Navigation hors ecran avec modifications non enregistrees","Toute navigation hors ecran avec modifications non enregistrees declenche une confirm dialog. Confirmer = perte + navigation. Refuser = reste en edition.","High","orion local-only playwright-candidate","ORI-1036","TP-LOCAL-SPRINT-11-12-13","TE-LOCAL-INT2-SPRINT-11-12-13","TS-ORI-1036"
"TC-ORI-1036-CT-HAB-F6-06-R67","Test","ORI-1036 CT-HAB-F6-06 - SC13 a SC17: Drawer verification - affichage + suppression modif + blocage maitre","Le drawer affiche les modifs par CU. La suppression du maitre est bloquee tant que des non-maitres sont eleves. La suppression d un non-maitre n entraine PAS la baisse auto du maitre.","High","orion local-only playwright-candidate","ORI-1036","TP-LOCAL-SPRINT-11-12-13","TE-LOCAL-INT2-SPRINT-11-12-13","TS-ORI-1036"
"TC-ORI-1036-CT-HAB-F6-07-R68","Test","ORI-1036 CT-HAB-F6-07 - SC18: Bouton Verifier et enregistrer inactif si compteur = 0","Le bouton Verifier et enregistrer est dynamiquement active/desactive selon le compteur: grise si 0, actif si >= 1.","Medium","orion local-only playwright-candidate","ORI-1036","TP-LOCAL-SPRINT-11-12-13","TE-LOCAL-INT2-SPRINT-11-12-13","TS-ORI-1036"
"TC-ORI-1036-CT-HAB-F6-08-R69","Test","ORI-1036 CT-HAB-F6-08 - SC19+SC20: Confirmation enregistrement (succes Keycloak + erreur technique)","Succes: Keycloak enregistre, snackbar verte, drawer ferme, mode lecture, compteur reset. Erreur: snackbar rouge, drawer ouvert, mode actif conserve, possibilite de reessayer.","High","orion local-only playwright-candidate","ORI-1036","TP-LOCAL-SPRINT-11-12-13","TE-LOCAL-INT2-SPRINT-11-12-13","TS-ORI-1036"
"TC-ORI-1308-CT-HAB-F7-01-R71","Test","ORI-1308 CT-HAB-F7-01 - SC1+SC2: Droit fin non herite - transitions Non accorde <-> Lecture seule","Les transitions NA <-> LS sur un droit fin non herite ajoutent/suppriment DF_R dans Keycloak. Si maitre: DA_R est aussi ajoute/supprime.","High","orion local-only playwright-candidate","ORI-1308","TP-LOCAL-SPRINT-11-12-13","TE-LOCAL-INT2-SPRINT-11-12-13","TS-ORI-1308"
"TC-ORI-1308-CT-HAB-F7-02-R72","Test","ORI-1308 CT-HAB-F7-02 - SC3+SC4: Droit fin non herite - transitions Non accorde <-> Lecture/Ecriture","Les transitions NA <-> L/E ajoutent/suppriment DF_RW dans Keycloak. Si maitre: DA_RW aussi.","High","orion local-only playwright-candidate","ORI-1308","TP-LOCAL-SPRINT-11-12-13","TE-LOCAL-INT2-SPRINT-11-12-13","TS-ORI-1308"
"TC-ORI-1308-CT-HAB-F7-03-R73","Test","ORI-1308 CT-HAB-F7-03 - SC5+SC6: Droit fin non herite - transitions Lecture seule <-> Lecture/Ecriture","Les transitions LS <-> L/E remplacent DF_R par DF_RW (ou inverse) dans Keycloak. Si maitre: meme logique sur DA.","High","orion local-only playwright-candidate","ORI-1308","TP-LOCAL-SPRINT-11-12-13","TE-LOCAL-INT2-SPRINT-11-12-13","TS-ORI-1308"
"TC-ORI-1308-CT-HAB-F7-04-R74","Test","ORI-1308 CT-HAB-F7-04 - SC7: Droit fin HERITE - elevation Lecture seule a Lecture/Ecriture (2 autorisations)","L elevation d un droit herite ajoute DF_RW specifique SANS supprimer DF_R herite. Les 2 coexistent dans Keycloak. Statut = Eleve.","High","orion local-only playwright-candidate","ORI-1308","TP-LOCAL-SPRINT-11-12-13","TE-LOCAL-INT2-SPRINT-11-12-13","TS-ORI-1308"
"TC-ORI-1308-CT-HAB-F7-05-R75","Test","ORI-1308 CT-HAB-F7-05 - SC8+SC9: Droits speciaux - transitions Non accorde <-> Accorde","Les droits speciaux sont ajoutes/supprimes dans Keycloak selon les transitions. Un droit special herite Accorde ne peut jamais etre retire.","High","orion local-only playwright-candidate","ORI-1308","TP-LOCAL-SPRINT-11-12-13","TE-LOCAL-INT2-SPRINT-11-12-13","TS-ORI-1308"
"TC-ORI-1308-CT-HAB-F7-06-R76","Test","ORI-1308 CT-HAB-F7-06 - SC10+SC11: Enregistrement global Keycloak + aucune modif = pas d enregistrement","L enregistrement global persiste TOUTES les modifications dans Keycloak en une seule operation. Sans modification, aucun enregistrement n est declenche.","High","orion local-only playwright-candidate","ORI-1308","TP-LOCAL-SPRINT-11-12-13","TE-LOCAL-INT2-SPRINT-11-12-13","TS-ORI-1308"
"TC-ORI-1308-CT-HAB-F7-07-R77","Test","ORI-1308 CT-HAB-F7-07 - SC12+SC13: Cascade vers profils enfants - deduplication et conservation elevation","A l enregistrement, la cascade vers les profils enfants deduplique les droits redondants (niveau <= herite = supprime) et conserve les elevations (niveau > herite = conserve). Cela s applique a tous les profils incluant directement ou indirectement le profil modifie.","High","orion local-only playwright-candidate","ORI-1308","TP-LOCAL-SPRINT-11-12-13","TE-LOCAL-INT2-SPRINT-11-12-13","TS-ORI-1308"
"TC-ORI-1308-CT-HAB-F7-08-R78","Test","ORI-1308 CT-HAB-F7-08 - Verification droits effectifs apres reconnexion utilisateur porteur","Apres enregistrement Keycloak et reconnexion, les droits effectifs de l utilisateur porteur refletent les modifications de la matrice. Le droit d acces L/E permet toutes les operations sur l ecran concerne.","High","orion local-only playwright-candidate","ORI-1308","TP-LOCAL-SPRINT-11-12-13","TE-LOCAL-INT2-SPRINT-11-12-13","TS-ORI-1308"
"TC-ORI-657-CT-PIM-D-01-R80","Test","ORI-657 CT-PIM-D-01 - CA01+CA02: Acces formulaire modification (habilitations + pre-remplissage)","Le formulaire de modification est accessible uniquement aux utilisateurs avec habilitations de gestion. Tous les champs sont pre-remplis avec les valeurs actuelles.","High","orion local-only playwright-candidate","ORI-657","TP-LOCAL-SPRINT-11-12-13","TE-LOCAL-INT2-SPRINT-11-12-13","TS-ORI-657"
"TC-ORI-657-CT-PIM-D-02-R81","Test","ORI-657 CT-PIM-D-02 - CA03+CA04+CA16: Modification nom et code avec succes + normalisation code","La modification du nom/code est enregistree avec normalisation auto du code (majuscules, trim). Le nom est repercute immediatement dans l arborescence.","High","orion local-only playwright-candidate","ORI-657","TP-LOCAL-SPRINT-11-12-13","TE-LOCAL-INT2-SPRINT-11-12-13","TS-ORI-657"
"TC-ORI-657-CT-PIM-D-03-R82","Test","ORI-657 CT-PIM-D-03 - CA05 a CA08: Controles format code + unicite code/nom (frontend + backend)","Les controles de format (temps reel frontend) et d unicite (backend) bloquent avec messages explicites. Le bouton Enregistrer est desactive si format invalide.","High","orion local-only playwright-candidate","ORI-657","TP-LOCAL-SPRINT-11-12-13","TE-LOCAL-INT2-SPRINT-11-12-13","TS-ORI-657"
"TC-ORI-657-CT-PIM-D-04-R83","Test","ORI-657 CT-PIM-D-04 - CA09: Champs obligatoires manquants","Les champs obligatoires (Code, Nom, Duree RDV) et les bornes (5-180 min) sont controles avec messages explicites.","High","orion local-only playwright-candidate","ORI-657","TP-LOCAL-SPRINT-11-12-13","TE-LOCAL-INT2-SPRINT-11-12-13","TS-ORI-657"
"TC-ORI-657-CT-PIM-D-05-R84","Test","ORI-657 CT-PIM-D-05 - CA10+CA11+CA12: Desactivation bloquee si dependances + reactivation immediate","Desactivation bloquee si dependances actives (message avec details). Sans dependances: desactivation masque la famille. Reactivation immediate avec retour dans toutes les LOV.","High","orion local-only playwright-candidate","ORI-657","TP-LOCAL-SPRINT-11-12-13","TE-LOCAL-INT2-SPRINT-11-12-13","TS-ORI-657"
"TC-ORI-657-CT-PIM-D-06-R85","Test","ORI-657 CT-PIM-D-06 - CA13+CA14+CA15: Duree RDV modifiable + Fermer modale + Erreur technique","La duree RDV est modifiable (5-180). Fermer sans enregistrer ne persiste rien. Une erreur technique affiche un message generique et conserve la modale ouverte.","Medium","orion local-only playwright-candidate","ORI-657","TP-LOCAL-SPRINT-11-12-13","TE-LOCAL-INT2-SPRINT-11-12-13","TS-ORI-657"
"TC-ORI-657-CT-PIM-D-07-R86","Test","ORI-657 CT-PIM-D-07 - CA17+CA18: Perimetre marque + suppression icone/couleur -> valeurs par defaut","La modification est limitee au perimetre de la marque. Vider icone/couleur applique les valeurs par defaut Orion automatiquement.","Medium","orion local-only playwright-candidate","ORI-657","TP-LOCAL-SPRINT-11-12-13","TE-LOCAL-INT2-SPRINT-11-12-13","TS-ORI-657"
"TC-ORI-657-CT-PIM-D-08-R87","Test","ORI-657 CT-PIM-D-08 - CA19 a CA22: Famille parente (desactivee si sous-familles) + conversion sous-famille/racine","Le champ Famille parente est desactive si sous-familles existantes. La conversion en sous-famille masque Icone/Couleur et reinitialise aux defauts. Le retrait de parente les fait reapparaitre. La Duree RDV est pre-remplie depuis la nouvelle parente.","High","orion local-only playwright-candidate","ORI-657","TP-LOCAL-SPRINT-11-12-13","TE-LOCAL-INT2-SPRINT-11-12-13","TS-ORI-657"
"TC-ORI-1065-CT-OPT-A-01-R89","Test","ORI-1065 CT-OPT-A-01 - CA01+CA02: Affichage liste - avec habilitations (actives+inactives) vs sans habilitations (actives seules)","Avec habilitations: toutes options (actives+inactives) visibles + bouton Creer. Sans habilitations: seules les actives + pas de bouton Creer. Toujours limite au perimetre marque.","High","orion local-only playwright-candidate","ORI-1065","TP-LOCAL-SPRINT-11-12-13","TE-LOCAL-INT2-SPRINT-11-12-13","TS-ORI-1065"
"TC-ORI-1065-CT-OPT-A-02-R90","Test","ORI-1065 CT-OPT-A-02 - CA03: Recherche par libelle commercial ou code (partielle, insensible casse)","La recherche filtre par libelle commercial et code, est partielle et insensible a la casse. Sans resultat: message explicite.","High","orion local-only playwright-candidate","ORI-1065","TP-LOCAL-SPRINT-11-12-13","TE-LOCAL-INT2-SPRINT-11-12-13","TS-ORI-1065"
"TC-ORI-1065-CT-OPT-A-03-R91","Test","ORI-1065 CT-OPT-A-03 - CA04+CA05+CA06: Filtres Statut (Actif/Inactif) + Marche + Taxe","Chaque filtre fonctionne individuellement et en combinaison. Le filtre Statut est initialise sur Actif par defaut. Le filtre Taxe depend du pack reglementaire.","High","orion local-only playwright-candidate","ORI-1065","TP-LOCAL-SPRINT-11-12-13","TE-LOCAL-INT2-SPRINT-11-12-13","TS-ORI-1065"
"TC-ORI-1065-CT-OPT-A-04-R92","Test","ORI-1065 CT-OPT-A-04 - CA07: Colonne Periodicite conditionnelle (Recurrent vs Ponctuel)","La colonne Periodicite affiche la valeur uniquement pour les options en mode Recurrent. Pour les Ponctuelles: affichage ""-"".","Medium","orion local-only playwright-candidate","ORI-1065","TP-LOCAL-SPRINT-11-12-13","TE-LOCAL-INT2-SPRINT-11-12-13","TS-ORI-1065"
"TC-ORI-1065-CT-OPT-A-05-R93","Test","ORI-1065 CT-OPT-A-05 - CA08: Conservation des filtres lors de la navigation vers fiche puis retour","Les filtres sont conserves apres navigation vers la fiche option et retour a la liste.","High","orion local-only playwright-candidate","ORI-1065","TP-LOCAL-SPRINT-11-12-13","TE-LOCAL-INT2-SPRINT-11-12-13","TS-ORI-1065"
"TC-ORI-1065-CT-OPT-A-06-R94","Test","ORI-1065 CT-OPT-A-06 - CA09: Acces a la consultation via fleche -> drawer lecture seule","La fleche sur chaque ligne ouvre la fiche option dans un drawer en lecture seule, accessible a tous les profils.","High","orion local-only playwright-candidate","ORI-1065","TP-LOCAL-SPRINT-11-12-13","TE-LOCAL-INT2-SPRINT-11-12-13","TS-ORI-1065"
"TC-ORI-1065-CT-OPT-A-07-R95","Test","ORI-1065 CT-OPT-A-07 - CA10: Adaptation reglementaire par pays - colonne/filtre Taxe selon pack reglementaire","La colonne et le filtre Taxe s adaptent au pack reglementaire du pays. En France: valeurs TVA affichees. Sans donnee fiscale configuree: ""--"" et filtre vide.","Medium","orion local-only playwright-candidate","ORI-1065","TP-LOCAL-SPRINT-11-12-13","TE-LOCAL-INT2-SPRINT-11-12-13","TS-ORI-1065"
"TC-ORI-1065-CT-OPT-A-08-R96","Test","ORI-1065 CT-OPT-A-08 - Bouton Reinitialiser + pagination standards Orion","Le bouton Reinitialiser remet tous les filtres a leur etat par defaut. La liste est paginee selon les standards Orion.","Medium","orion local-only playwright-candidate","ORI-1065","TP-LOCAL-SPRINT-11-12-13","TE-LOCAL-INT2-SPRINT-11-12-13","TS-ORI-1065"
"TC-ORI-1067-CT-OPT-B-01-R98","Test","ORI-1067 CT-OPT-B-01 - CA01+CA02: Acces formulaire creation (habilitations + pre-remplissage defauts)","Le formulaire est accessible uniquement aux utilisateurs avec habilitations. Les valeurs par defaut sont: Statut=Actif, Marche=Tous, Quantite=1, Periodicite masquee.","High","orion local-only playwright-candidate","ORI-1067","TP-LOCAL-SPRINT-11-12-13","TE-LOCAL-INT2-SPRINT-11-12-13","TS-ORI-1067"
"TC-ORI-1067-CT-OPT-B-02-R99","Test","ORI-1067 CT-OPT-B-02 - CA03+CA04: Creation option avec succes (statut Actif + statut Inactif)","Une option Active est immediatement visible et disponible. Une option Inactive n est visible que pour les gestionnaires et non proposee pour association.","High","orion local-only playwright-candidate","ORI-1067","TP-LOCAL-SPRINT-11-12-13","TE-LOCAL-INT2-SPRINT-11-12-13","TS-ORI-1067"
"TC-ORI-1067-CT-OPT-B-03-R100","Test","ORI-1067 CT-OPT-B-03 - CA05: Doublon de code bloque (message exact)","Le doublon de code est detecte (insensible a la casse) avec message exact et bloque la creation.","High","orion local-only playwright-candidate","ORI-1067","TP-LOCAL-SPRINT-11-12-13","TE-LOCAL-INT2-SPRINT-11-12-13","TS-ORI-1067"
"TC-ORI-1067-CT-OPT-B-04-R101","Test","ORI-1067 CT-OPT-B-04 - CA06: Bouton Enregistrer desactive si champs obligatoires manquants ou invalides","Le bouton Enregistrer est dynamiquement active/desactive selon la validite de tous les champs obligatoires.","High","orion local-only playwright-candidate","ORI-1067","TP-LOCAL-SPRINT-11-12-13","TE-LOCAL-INT2-SPRINT-11-12-13","TS-ORI-1067"
"TC-ORI-1067-CT-OPT-B-05-R102","Test","ORI-1067 CT-OPT-B-05 - CA07+CA08+CA09+CA10+CA16: Controles code (filtrage auto, normalisation, min 3, max 20, backend)","Le code est filtre en temps reel (car. non autorises ignores, majuscules auto), borne a 3-20 car., et non modifiable apres creation. Controle backend en complement.","High","orion local-only playwright-candidate","ORI-1067","TP-LOCAL-SPRINT-11-12-13","TE-LOCAL-INT2-SPRINT-11-12-13","TS-ORI-1067"
"TC-ORI-1067-CT-OPT-B-06-R103","Test","ORI-1067 CT-OPT-B-06 - CA11+CA12: Periodicite conditionnelle (Recurrent=visible, Ponctuel=masque) + label dynamique Quantite","La Periodicite est conditionnelle au mode Recurrent (visible+obligatoire). Le label de la quantite s adapte dynamiquement au mode selectionne.","High","orion local-only playwright-candidate","ORI-1067","TP-LOCAL-SPRINT-11-12-13","TE-LOCAL-INT2-SPRINT-11-12-13","TS-ORI-1067"
"TC-ORI-1067-CT-OPT-B-07-R104","Test","ORI-1067 CT-OPT-B-07 - CA13: Quantite facturable invalide (< 1 ou > 9999)","La quantite facturable est validee comme entier entre 1 et 9999. Zero, negatifs et > 9999 sont refuses avec message explicite.","Medium","orion local-only playwright-candidate","ORI-1067","TP-LOCAL-SPRINT-11-12-13","TE-LOCAL-INT2-SPRINT-11-12-13","TS-ORI-1067"
"TC-ORI-1067-CT-OPT-B-08-R105","Test","ORI-1067 CT-OPT-B-08 - CA14: Famille associee filtree (racines actives marque uniquement)","La LOV Famille associee ne propose que les familles racines actives de la marque. Sans famille: option disponible pour tous les produits.","Medium","orion local-only playwright-candidate","ORI-1067","TP-LOCAL-SPRINT-11-12-13","TE-LOCAL-INT2-SPRINT-11-12-13","TS-ORI-1067"
"TC-ORI-1067-CT-OPT-B-09-R106","Test","ORI-1067 CT-OPT-B-09 - CA15+CA18: Annuler creation (rien enregistre) + erreur technique (modale conservee)","Annuler (croix) = aucune creation. Erreur technique = message generique, modale ouverte, donnees conservees, retry possible.","Medium","orion local-only playwright-candidate","ORI-1067","TP-LOCAL-SPRINT-11-12-13","TE-LOCAL-INT2-SPRINT-11-12-13","TS-ORI-1067"
"TC-ORI-1067-CT-OPT-B-10-R107","Test","ORI-1067 CT-OPT-B-10 - CA17: Adaptation champ Taxe selon pack reglementaire du pays","Le champ Taxe s adapte au pack reglementaire du pays. En France: 5 valeurs TVA. Sans donnee fiscale: ""--"" et pas de valeur.","Medium","orion local-only playwright-candidate","ORI-1067","TP-LOCAL-SPRINT-11-12-13","TE-LOCAL-INT2-SPRINT-11-12-13","TS-ORI-1067"
"TC-ORI-723-CT-DUR-01-R109","Test","ORI-723 CT-DUR-01 - RG_CONT_Hhebdo_13 - Controles de saisie des heures hebdomadaires (obligatoire, > 0, format, bornes)","Le champ heures hebdomadaires est obligatoire, strictement positif, borne a 48h (bloquant au-dela) avec alerte informative des 44h. Le pre-remplissage temps plein est de 35h.","High","orion local-only playwright-candidate","ORI-723","TP-LOCAL-SPRINT-11-12-13","TE-LOCAL-INT2-SPRINT-11-12-13","TS-ORI-723"
"TC-ORI-723-CT-DUR-02-R110","Test","ORI-723 CT-DUR-02 - RG_CONT_Hmens_14 - Calcul automatique des heures mensuelles (lecture seule)","Les heures mensuelles sont calculees automatiquement (hebdo x 52 / 12), en lecture seule, et recalculees en temps reel.","High","orion local-only playwright-candidate","ORI-723","TP-LOCAL-SPRINT-11-12-13","TE-LOCAL-INT2-SPRINT-11-12-13","TS-ORI-723"
"TC-ORI-723-CT-DUR-03-R111","Test","ORI-723 CT-DUR-03 - RG_CONT_Temps_15 - Nature du temps (plein/partiel) et effets conditionnels","La nature du temps conditionne les bornes de saisie, la visibilite des blocs derogation et HC, et l'obligation des plages d'indisponibilite.","High","orion local-only playwright-candidate","ORI-723","TP-LOCAL-SPRINT-11-12-13","TE-LOCAL-INT2-SPRINT-11-12-13","TS-ORI-723"
"TC-ORI-723-CT-DUR-04-R112","Test","ORI-723 CT-DUR-04 - RG_CONT_TauxP_16 - Calcul automatique du taux temps plein (%)","Le taux temps plein est calcule automatiquement ((hebdo/35)x100), en lecture seule, et alimente la reference annuelle ATT.","Medium","orion local-only playwright-candidate","ORI-723","TP-LOCAL-SPRINT-11-12-13","TE-LOCAL-INT2-SPRINT-11-12-13","TS-ORI-723"
"TC-ORI-723-CT-DUR-05-R113","Test","ORI-723 CT-DUR-05 - RG_CONT_ModOrg_38_V2 - Mode d'organisation du temps de travail (Forfait jours masque Intervenant)","Le mode d'organisation est obligatoire (defaut Hebdomadaire fixe). Sur contrat Intervenant, l'option Forfait jours est masquee. Le passage en ATT affiche le bloc ATT et masque les HC.","High","orion local-only playwright-candidate","ORI-723","TP-LOCAL-SPRINT-11-12-13","TE-LOCAL-INT2-SPRINT-11-12-13","TS-ORI-723"
"TC-ORI-723-CT-DUR-06-R114","Test","ORI-723 CT-DUR-06 - RG_CONT_ATT_18 - Bloc annualisation du temps de travail (hors simulateur)","Le bloc ATT s'affiche uniquement en mode Annualisation. La reference annuelle est calculee (1607 x taux), la contractuelle est saisissable avec alerte non bloquante en cas de depassement. Le simulateur reste hors scope.","High","orion local-only playwright-candidate","ORI-723","TP-LOCAL-SPRINT-11-12-13","TE-LOCAL-INT2-SPRINT-11-12-13","TS-ORI-723"
"TC-ORI-723-CT-DUR-07-R115","Test","ORI-723 CT-DUR-07 - RG_CONT_DerogTP_39 - Derogation temps partiel < 24h (obligatoire et bloquante)","La derogation < 24h apparait uniquement en temps partiel sous 24h, propose 2 motifs legaux, et bloque la navigation tant qu'aucun motif n'est renseigne.","High","orion local-only playwright-candidate","ORI-723","TP-LOCAL-SPRINT-11-12-13","TE-LOCAL-INT2-SPRINT-11-12-13","TS-ORI-723"
"TC-ORI-723-CT-DUR-08-R116","Test","ORI-723 CT-DUR-08 - RG_CONT_Compl_40 - Plafond heures complementaires (calcul et visibilite conditionnelle)","Le plafond d'heures complementaires est calcule (hebdo/3, borne < 35h), affiche en lecture seule uniquement en temps partiel + Hebdomadaire fixe, masque sinon.","Medium","orion local-only playwright-candidate","ORI-723","TP-LOCAL-SPRINT-11-12-13","TE-LOCAL-INT2-SPRINT-11-12-13","TS-ORI-723"
"TC-ORI-723-CT-DUR-09-R117","Test","ORI-723 CT-DUR-09 - RG_CONT_Mutuelle_42 - Alerte seuil mutuelle (< 65h/mois)","L'alerte mutuelle s'affiche (informative, non bloquante) sous 65h mensuelles, disparait dynamiquement au-dela, et respecte le seuil parametre par marque.","High","orion local-only playwright-candidate","ORI-723","TP-LOCAL-SPRINT-11-12-13","TE-LOCAL-INT2-SPRINT-11-12-13","TS-ORI-723"
"TC-ORI-723-CT-DUR-10-R118","Test","ORI-723 CT-DUR-10 - RG_CONT_TickResto_44 - Alerte seuil tickets restaurant (seuil marque)","L'alerte tickets restaurant s'affiche (informative, non bloquante) sous le seuil marque, lit la valeur depuis la config marque, et disparait dynamiquement sans impacter d'autres champs.","High","orion local-only playwright-candidate","ORI-723","TP-LOCAL-SPRINT-11-12-13","TE-LOCAL-INT2-SPRINT-11-12-13","TS-ORI-723"
"TC-ORI-723-CT-DUR-11-R119","Test","ORI-723 CT-DUR-11 - Coherence des dependances entre champs (propagation des recalculs)","Toute modification des heures hebdo ou de la nature/mode se propage de facon coherente et en temps reel sur l'ensemble des champs calcules et conditionnels.","High","orion local-only playwright-candidate","ORI-723","TP-LOCAL-SPRINT-11-12-13","TE-LOCAL-INT2-SPRINT-11-12-13","TS-ORI-723"
"TC-ORI-723-CT-DUR-12-R120","Test","ORI-723 CT-DUR-12 - Persistance BACK et mise a disposition des modules aval","Les donnees de l'onglet 4 sont persistees cote BACK, mises a disposition des modules aval (planning, GTA, paie) et restituees fidelement au rechargement du contrat.","High","orion local-only playwright-candidate","ORI-723","TP-LOCAL-SPRINT-11-12-13","TE-LOCAL-INT2-SPRINT-11-12-13","TS-ORI-723"
"TC-ORI-1039-CT-DURF-01-R122","Test","ORI-1039 CT-DURF-01 - RG_CONT_Hhebdo_13 - Champ heures hebdomadaires : affichage, saisie UI, format et messages","Le champ heures hebdomadaires respecte la maquette : pre-remplissage 35h, saisie numerique filtree, et affichage correct des messages (bloquant/informatif) selon les seuils.","High","orion local-only playwright-candidate","ORI-1039","TP-LOCAL-SPRINT-11-12-13","TE-LOCAL-INT2-SPRINT-11-12-13","TS-ORI-1039"
"TC-ORI-1039-CT-DURF-02-R123","Test","ORI-1039 CT-DURF-02 - RG_CONT_Hmens_14 - Affichage temps reel des heures mensuelles (champ lecture seule UI)","Le champ heures mensuelles est affiche en lecture seule et recalcule/affiche en temps reel a chaque modification des heures hebdomadaires.","High","orion local-only playwright-candidate","ORI-1039","TP-LOCAL-SPRINT-11-12-13","TE-LOCAL-INT2-SPRINT-11-12-13","TS-ORI-1039"
"TC-ORI-1039-CT-DURF-03-R124","Test","ORI-1039 CT-DURF-03 - RG_CONT_Temps_15 - Radio Temps plein/partiel : selection UI et effets d'affichage conditionnel","Le radio Temps plein/partiel pilote correctement l'affichage conditionnel des blocs (hebdo, plages, HC, derogation) conformement a la maquette.","High","orion local-only playwright-candidate","ORI-1039","TP-LOCAL-SPRINT-11-12-13","TE-LOCAL-INT2-SPRINT-11-12-13","TS-ORI-1039"
"TC-ORI-1039-CT-DURF-04-R125","Test","ORI-1039 CT-DURF-04 - RG_CONT_TauxP_16 - Affichage temps reel du taux temps plein (%) (lecture seule UI)","Le taux temps plein s'affiche en lecture seule et se met a jour en temps reel selon les heures hebdomadaires.","Medium","orion local-only playwright-candidate","ORI-1039","TP-LOCAL-SPRINT-11-12-13","TE-LOCAL-INT2-SPRINT-11-12-13","TS-ORI-1039"
"TC-ORI-1039-CT-DURF-05-R126","Test","ORI-1039 CT-DURF-05 - RG_CONT_ModOrg_38_V2 - Liste deroulante mode d'organisation (Forfait jours masque, affichage conditionnel)","La liste mode d'organisation affiche uniquement les options autorisees pour l'Intervenant (Forfait jours masque) et declenche l'affichage conditionnel correct des blocs.","High","orion local-only playwright-candidate","ORI-1039","TP-LOCAL-SPRINT-11-12-13","TE-LOCAL-INT2-SPRINT-11-12-13","TS-ORI-1039"
"TC-ORI-1039-CT-DURF-06-R127","Test","ORI-1039 CT-DURF-06 - RG_CONT_ATT_18 - Affichage du bloc ATT et alerte de depassement (hors simulateur)","Le bloc ATT s'affiche conditionnellement, presente la reference en lecture seule et affiche l'alerte de depassement non bloquante. Le simulateur reste hors scope.","High","orion local-only playwright-candidate","ORI-1039","TP-LOCAL-SPRINT-11-12-13","TE-LOCAL-INT2-SPRINT-11-12-13","TS-ORI-1039"
"TC-ORI-1039-CT-DURF-07-R128","Test","ORI-1039 CT-DURF-07 - RG_CONT_DerogTP_39 - Liste derogation < 24h : apparition conditionnelle et message bloquant","La liste de derogation apparait/disparait selon le seuil 24h en temps partiel, propose les 2 motifs et bloque la navigation avec message si non renseignee.","High","orion local-only playwright-candidate","ORI-1039","TP-LOCAL-SPRINT-11-12-13","TE-LOCAL-INT2-SPRINT-11-12-13","TS-ORI-1039"
"TC-ORI-1039-CT-DURF-08-R129","Test","ORI-1039 CT-DURF-08 - RG_CONT_Compl_40 - Affichage du plafond heures complementaires (lecture seule, conditionnel)","Le plafond d'heures complementaires s'affiche en lecture seule uniquement en temps partiel + Hebdomadaire fixe, avec le bon calcul et wording, masque dans les autres cas.","Medium","orion local-only playwright-candidate","ORI-1039","TP-LOCAL-SPRINT-11-12-13","TE-LOCAL-INT2-SPRINT-11-12-13","TS-ORI-1039"
"TC-ORI-1039-CT-DURF-09-R130","Test","ORI-1039 CT-DURF-09 - RG_CONT_Mutuelle_42 - Alerte seuil mutuelle : affichage/masquage dynamique du message","Le message d'alerte mutuelle s'affiche/disparait dynamiquement selon le seuil mensuel (65h ou seuil marque), avec le wording conforme, sans bloquer la saisie.","High","orion local-only playwright-candidate","ORI-1039","TP-LOCAL-SPRINT-11-12-13","TE-LOCAL-INT2-SPRINT-11-12-13","TS-ORI-1039"
"TC-ORI-1039-CT-DURF-10-R131","Test","ORI-1039 CT-DURF-10 - RG_CONT_TickResto_44 - Alerte seuil tickets restaurant : affichage dynamique selon seuil marque","Le message tickets restaurant s'affiche/disparait dynamiquement sous le seuil marque, avec la bonne valeur [X] injectee depuis la config marque.","High","orion local-only playwright-candidate","ORI-1039","TP-LOCAL-SPRINT-11-12-13","TE-LOCAL-INT2-SPRINT-11-12-13","TS-ORI-1039"
"TC-ORI-1039-CT-DURF-11-R132","Test","ORI-1039 CT-DURF-11 - Conformite maquette Figma et enchainement des affichages conditionnels (UI globale)","L'onglet 4 est conforme a la maquette Figma et gere de facon fluide et coherente l'ensemble des affichages conditionnels lors des changements de nature, mode et heures.","High","orion local-only playwright-candidate","ORI-1039","TP-LOCAL-SPRINT-11-12-13","TE-LOCAL-INT2-SPRINT-11-12-13","TS-ORI-1039"
"TC-ORI-1039-CT-DURF-12-R133","Test","ORI-1039 CT-DURF-12 - Accessibilite et etats des champs (focus, tab, aria, etats desactives)","L'onglet 4 respecte les bonnes pratiques d'accessibilite et d'etats de champs (navigation clavier, association des messages, champs lecture seule et desactives correctement rendus).","Medium","orion local-only playwright-candidate","ORI-1039","TP-LOCAL-SPRINT-11-12-13","TE-LOCAL-INT2-SPRINT-11-12-13","TS-ORI-1039"
"TC-ORI-91-CT-NOTIF-01-R135","Test","ORI-91 CT-NOTIF-01 - RG_NOTIFCREA_01/02 - Emission du message Create quand toutes les conditions sont reunies (intervenant)","Un message ficheCollaborateur typeAction='Create' est emis une seule fois lorsque le statut, les champs obligatoires et le contrat avec date d'embauche sont tous presents.","High","orion local-only playwright-candidate","ORI-91","TP-LOCAL-SPRINT-11-12-13","TE-LOCAL-INT2-SPRINT-11-12-13","TS-ORI-91"
"TC-ORI-91-CT-NOTIF-02-R136","Test","ORI-91 CT-NOTIF-02 - RG_NOTIFCREA_02 - Non-emission si un champ obligatoire manque","Aucun message n'est emis tant qu'un champ obligatoire manque, conformement a RG_NOTIFCREA_02.","High","orion local-only playwright-candidate","ORI-91","TP-LOCAL-SPRINT-11-12-13","TE-LOCAL-INT2-SPRINT-11-12-13","TS-ORI-91"
"TC-ORI-91-CT-NOTIF-03-R137","Test","ORI-91 CT-NOTIF-03 - RG_NOTIFCREA_02 - Non-emission si aucun contrat avec date d'embauche","L'absence d'un contrat avec date d'embauche empeche l'emission du message, meme si la fiche est complete.","High","orion local-only playwright-candidate","ORI-91","TP-LOCAL-SPRINT-11-12-13","TE-LOCAL-INT2-SPRINT-11-12-13","TS-ORI-91"
"TC-ORI-91-CT-NOTIF-04-R138","Test","ORI-91 CT-NOTIF-04 - RG_NOTIFCREA_02 - Emission differee : champ manquant complete ulterieurement","Le premier message est un Create meme si le declenchement resulte d'une completion ulterieure des champs obligatoires.","High","orion local-only playwright-candidate","ORI-91","TP-LOCAL-SPRINT-11-12-13","TE-LOCAL-INT2-SPRINT-11-12-13","TS-ORI-91"
"TC-ORI-91-CT-NOTIF-05-R139","Test","ORI-91 CT-NOTIF-05 - RG_NOTIFMOD_01 - Emission du message Update lors d'une modification","Toute modification declenche un message Update contenant l'ensemble des blocs renseignes de la fiche.","High","orion local-only playwright-candidate","ORI-91","TP-LOCAL-SPRINT-11-12-13","TE-LOCAL-INT2-SPRINT-11-12-13","TS-ORI-91"
"TC-ORI-91-CT-NOTIF-06-R140","Test","ORI-91 CT-NOTIF-06 - RG_NOTIFCREA_01/MOD_01 - Inclusion conditionnelle des blocs optionnels (renseigne uniquement)","Seuls les blocs renseignes sont inclus dans le message ; les blocs non renseignes sont absents (pas de valeur null).","High","orion local-only playwright-candidate","ORI-91","TP-LOCAL-SPRINT-11-12-13","TE-LOCAL-INT2-SPRINT-11-12-13","TS-ORI-91"
"TC-ORI-91-CT-NOTIF-07-R141","Test","ORI-91 CT-NOTIF-07 - Bloc Competences reserve aux intervenants (absent pour operationnel agence)","Le bloc Competences n'est present que pour les intervenants et jamais pour les operationnels agence.","High","orion local-only playwright-candidate","ORI-91","TP-LOCAL-SPRINT-11-12-13","TE-LOCAL-INT2-SPRINT-11-12-13","TS-ORI-91"
"TC-ORI-91-CT-NOTIF-08-R142","Test","ORI-91 CT-NOTIF-08 - Cardinalite : un seul message ficheCollaborateur par collaborateur (multi-societe)","Un nouveau contrat dans une autre societe ne genere pas de nouveau ficheCollaborateur ; seul un message contrat est emis.","High","orion local-only playwright-candidate","ORI-91","TP-LOCAL-SPRINT-11-12-13","TE-LOCAL-INT2-SPRINT-11-12-13","TS-ORI-91"
"TC-ORI-91-CT-NOTIF-09-R143","Test","ORI-91 CT-NOTIF-09 - Correlation idCollaborateur entre ficheCollaborateur et contrat","Les messages ficheCollaborateur et contrat partagent le meme idCollaborateur, permettant leur correlation par Pleiade.","High","orion local-only playwright-candidate","ORI-91","TP-LOCAL-SPRINT-11-12-13","TE-LOCAL-INT2-SPRINT-11-12-13","TS-ORI-91"
"TC-ORI-91-CT-NOTIF-10-R144","Test","ORI-91 CT-NOTIF-10 - Contenu attendu par le consommateur MP5 Planning","Le message expose l'ensemble des blocs attendus par MP5 Planning pour le matching et l'affichage.","Medium","orion local-only playwright-candidate","ORI-91","TP-LOCAL-SPRINT-11-12-13","TE-LOCAL-INT2-SPRINT-11-12-13","TS-ORI-91"
"TC-ORI-91-CT-NOTIF-11-R145","Test","ORI-91 CT-NOTIF-11 - Contenu attendu par Pleiade + decoupage NIR (7 segments) et IBAN (9 segments)","Le message fournit a Pleiade tous les blocs attendus ; le programme intermediaire decoupe correctement le NIR (7 segments) et l'IBAN (9 segments).","High","orion local-only playwright-candidate","ORI-91","TP-LOCAL-SPRINT-11-12-13","TE-LOCAL-INT2-SPRINT-11-12-13","TS-ORI-91"
"TC-ORI-91-CT-NOTIF-12-R146","Test","ORI-91 CT-NOTIF-12 - Transcodification des identifiants Orion vers valeurs Pleiade","Les identifiants referentiels Orion sont correctement transcodifies vers les valeurs Pleiade ; les cas sans mapping sont maitrises.","High","orion local-only playwright-candidate","ORI-91","TP-LOCAL-SPRINT-11-12-13","TE-LOCAL-INT2-SPRINT-11-12-13","TS-ORI-91"
"TC-ORI-91-CT-NOTIF-13-R147","Test","ORI-91 CT-NOTIF-13 - Cas RGPD : purge puis reembauche -> nouvel idCollaborateur et flux Create","La reembauche apres purge RGPD genere un nouvel idCollaborateur et un flux Create standard.","Medium","orion local-only playwright-candidate","ORI-91","TP-LOCAL-SPRINT-11-12-13","TE-LOCAL-INT2-SPRINT-11-12-13","TS-ORI-91"
"TC-ORI-91-CT-NOTIF-14-R148","Test","ORI-91 CT-NOTIF-14 - RG_INT_NOTIF_01 - Flag de suivi d'envoi aux autres domaines (etude)","Le flag de suivi d'envoi (RG_INT_NOTIF_01) est verifie ; le comportement definitif reste a confirmer car la RG est en etude.","Low","orion local-only playwright-candidate","ORI-91","TP-LOCAL-SPRINT-11-12-13","TE-LOCAL-INT2-SPRINT-11-12-13","TS-ORI-91"
"TC-ORI-936-CT-CPT-01-R150","Test","ORI-936 CT-CPT-01 - RG_INT_CPTS_1 - Affichage par defaut de l'ecran a la date du jour","L'ecran s'ouvre sur la date du jour et affiche les compteurs dont la periode encadre cette date, avec toutes les colonnes attendues.","High","orion local-only playwright-candidate","ORI-936","TP-LOCAL-SPRINT-11-12-13","TE-LOCAL-INT2-SPRINT-11-12-13","TS-ORI-936"
"TC-ORI-936-CT-CPT-02-R151","Test","ORI-936 CT-CPT-02 - RG_INT_CPTS_1 - Changement de date 'Soldes au' : recalcul et filtrage des compteurs","Le changement de date recalcule et filtre les compteurs affiches selon la regle debut <= date <= fin, bornes incluses.","High","orion local-only playwright-candidate","ORI-936","TP-LOCAL-SPRINT-11-12-13","TE-LOCAL-INT2-SPRINT-11-12-13","TS-ORI-936"
"TC-ORI-936-CT-CPT-03-R152","Test","ORI-936 CT-CPT-03 - RG_INT_CPTA_1 - Bouton 'Aujourd'hui' : retour a la date du jour","Le bouton 'Aujourd'hui' repositionne la date au jour courant et rafraichit les compteurs en consequence.","High","orion local-only playwright-candidate","ORI-936","TP-LOCAL-SPRINT-11-12-13","TE-LOCAL-INT2-SPRINT-11-12-13","TS-ORI-936"
"TC-ORI-936-CT-CPT-04-R153","Test","ORI-936 CT-CPT-04 - RG_INT_CPTT_1 / 1c - Affichage des types de conges selon le parametrage (libelle + periode)","Les types de conges affiches dependent du parametrage (marque/PLEIADE vs franchise), avec libelle et periode conformes.","High","orion local-only playwright-candidate","ORI-936","TP-LOCAL-SPRINT-11-12-13","TE-LOCAL-INT2-SPRINT-11-12-13","TS-ORI-936"
"TC-ORI-936-CT-CPT-05-R154","Test","ORI-936 CT-CPT-05 - RG_INT_CPTT_1c / CA-CPT-04 - Alerte rouge 'X demande(s) en attente de validation'","Un compteur ayant des demandes en attente s'affiche en rouge avec le message et le nombre exact de demandes.","High","orion local-only playwright-candidate","ORI-936","TP-LOCAL-SPRINT-11-12-13","TE-LOCAL-INT2-SPRINT-11-12-13","TS-ORI-936"
"TC-ORI-936-CT-CPT-06-R155","Test","ORI-936 CT-CPT-06 - RG_INT_CPTD_1 - Colonne 'Acquis' : valeur, format et info-bulle","La colonne Acquis affiche la valeur au format 1 decimale, non modifiable, avec l'info-bulle attendue.","High","orion local-only playwright-candidate","ORI-936","TP-LOCAL-SPRINT-11-12-13","TE-LOCAL-INT2-SPRINT-11-12-13","TS-ORI-936"
"TC-ORI-936-CT-CPT-07-R156","Test","ORI-936 CT-CPT-07 - RG_INT_CPTP_1 - Colonne 'Pris' : jours pris <= date du jour, format et info-bulle","La colonne Pris comptabilise uniquement les jours pris jusqu'a la date du jour, au format 1 decimale avec l'info-bulle attendue.","High","orion local-only playwright-candidate","ORI-936","TP-LOCAL-SPRINT-11-12-13","TE-LOCAL-INT2-SPRINT-11-12-13","TS-ORI-936"
"TC-ORI-936-CT-CPT-08-R157","Test","ORI-936 CT-CPT-08 - RG_INT_CPTO_1 - Colonne 'Solde actuel' = Acquis - Pris","La colonne Solde actuel affiche correctement Acquis - Pris au format 1 decimale avec l'info-bulle attendue.","High","orion local-only playwright-candidate","ORI-936","TP-LOCAL-SPRINT-11-12-13","TE-LOCAL-INT2-SPRINT-11-12-13","TS-ORI-936"
"TC-ORI-936-CT-CPT-09-R158","Test","ORI-936 CT-CPT-09 - RG_INT_CPTL_1 - Colonne 'Solde previsionnel' = Acquis - Pris - conges valides futurs","La colonne Solde previsionnel deduit du solde actuel les conges valides posterieurs a la date du jour, au format 1 decimale avec l'info-bulle attendue.","High","orion local-only playwright-candidate","ORI-936","TP-LOCAL-SPRINT-11-12-13","TE-LOCAL-INT2-SPRINT-11-12-13","TS-ORI-936"
"TC-ORI-936-CT-CPT-10-R159","Test","ORI-936 CT-CPT-10 - RG_INT_CPTV_1 / CA-CPT-07 - Bouton 'Voir l'historique' (drawer par periode)","Le clic sur le bouton horloge d'une ligne ouvre le drawer d'historique des compteurs par periode.","Medium","orion local-only playwright-candidate","ORI-936","TP-LOCAL-SPRINT-11-12-13","TE-LOCAL-INT2-SPRINT-11-12-13","TS-ORI-936"
"TC-ORI-936-CT-CPT-11-R160","Test","ORI-936 CT-CPT-11 - RG_INT_CPTB_1 / CA-CPT-05/06 - Bouton MODIFIER selon habilitation","Le bouton MODIFIER n'est accessible qu'aux profils habilites et ouvre l'ecran de modification du compteur selectionne.","High","orion local-only playwright-candidate","ORI-936","TP-LOCAL-SPRINT-11-12-13","TE-LOCAL-INT2-SPRINT-11-12-13","TS-ORI-936"
"TC-ORI-936-CT-CPT-12-R161","Test","ORI-936 CT-CPT-12 - Conformite maquette et lecture seule des champs de l'ecran principal","L'ecran principal est conforme a la maquette, presente les colonnes attendues en lecture seule, et gere la variabilite du nombre de compteurs.","Medium","orion local-only playwright-candidate","ORI-936","TP-LOCAL-SPRINT-11-12-13","TE-LOCAL-INT2-SPRINT-11-12-13","TS-ORI-936"
"TC-ORI-936-CT-CPT-13-R162","Test","ORI-936 CT-CPT-13 - Coherence globale : changement de date -> recalcul de toutes les colonnes","Tout changement de date recalcule de maniere coherente l'ensemble des colonnes (Acquis, Pris, Solde actuel, Solde previsionnel) pour la periode encadrant la date.","High","orion local-only playwright-candidate","ORI-936","TP-LOCAL-SPRINT-11-12-13","TE-LOCAL-INT2-SPRINT-11-12-13","TS-ORI-936"
"TC-ORI-956-CT-ABH-01-R164","Test","ORI-956 CT-ABH-01 - RG_INT_ABAHED/ABAHEF_1 - Visibilite des champs heure selon 'Heures possibles'","Les champs heure ne sont saisissables que si le parametrage 'Heures possibles' = Oui ; sinon la saisie est bloquee avec message.","High","orion local-only playwright-candidate","ORI-956","TP-LOCAL-SPRINT-11-12-13","TE-LOCAL-INT2-SPRINT-11-12-13","TS-ORI-956"
"TC-ORI-956-CT-ABH-02-R165","Test","ORI-956 CT-ABH-02 - RG_INT_ABAHCT_1 cas 1 - Dates differentes : heures grisees et remises a blanc (CA D11/D12)","Quand les dates different, les champs heure sont desactives et vides avec message informatif ; le retour a des dates identiques les reactive.","High","orion local-only playwright-candidate","ORI-956","TP-LOCAL-SPRINT-11-12-13","TE-LOCAL-INT2-SPRINT-11-12-13","TS-ORI-956"
"TC-ORI-956-CT-ABH-03-R166","Test","ORI-956 CT-ABH-03 - RG_INT_ABAHCT_1 cas 2a - Heure debut sans heure fin (CA D13)","La saisie d'une heure de debut sans heure de fin est bloquante avec message dedie.","High","orion local-only playwright-candidate","ORI-956","TP-LOCAL-SPRINT-11-12-13","TE-LOCAL-INT2-SPRINT-11-12-13","TS-ORI-956"
"TC-ORI-956-CT-ABH-04-R167","Test","ORI-956 CT-ABH-04 - RG_INT_ABAHCT_1 cas 2b - Heure fin sans heure debut (CA D14)","La saisie d'une heure de fin sans heure de debut est bloquante avec message dedie.","High","orion local-only playwright-candidate","ORI-956","TP-LOCAL-SPRINT-11-12-13","TE-LOCAL-INT2-SPRINT-11-12-13","TS-ORI-956"
"TC-ORI-956-CT-ABH-05-R168","Test","ORI-956 CT-ABH-05 - RG_INT_ABAHCT_1 cas 2c - Heure debut >= heure fin (CA D15)","Une heure de debut superieure ou egale a l'heure de fin est bloquante avec message dedie.","High","orion local-only playwright-candidate","ORI-956","TP-LOCAL-SPRINT-11-12-13","TE-LOCAL-INT2-SPRINT-11-12-13","TS-ORI-956"
"TC-ORI-956-CT-ABH-06-R169","Test","ORI-956 CT-ABH-06 - RG_INT_ABACHE_1 - Chevauchement avec conges existants (dates <>) (CA E1)","Une absence exclusive chevauchant un conge existant (au moins un jour commun) est bloquee avec affichage de la periode du conge.","High","orion local-only playwright-candidate","ORI-956","TP-LOCAL-SPRINT-11-12-13","TE-LOCAL-INT2-SPRINT-11-12-13","TS-ORI-956"
"TC-ORI-956-CT-ABH-07-R170","Test","ORI-956 CT-ABH-07 - RG_INT_ABACHE_1 - Chevauchement avec absence existante (dates <>) (CA E2)","Une absence exclusive chevauchant une absence existante (au moins un jour commun) est bloquee avec affichage de l'absence concernee.","High","orion local-only playwright-candidate","ORI-956","TP-LOCAL-SPRINT-11-12-13","TE-LOCAL-INT2-SPRINT-11-12-13","TS-ORI-956"
"TC-ORI-956-CT-ABH-08-R171","Test","ORI-956 CT-ABH-08 - RG_INT_ABACHE_1 - Cas passants : periodes disjointes et exclusivite Non / statut Annule (CA E3-E6)","Le controle de chevauchement ne s'applique pas si les periodes sont disjointes, si l'une des exclusivites est Non, ou si l'existante est au statut Annule.","Medium","orion local-only playwright-candidate","ORI-956","TP-LOCAL-SPRINT-11-12-13","TE-LOCAL-INT2-SPRINT-11-12-13","TS-ORI-956"
"TC-ORI-956-CT-ABH-09-R172","Test","ORI-956 CT-ABH-09 - RG_INT_ABACHE_2 - Chevauchement horaire vs conge 1/2 journee (dates =) (CA E7/E8)","Le chevauchement horaire avec un conge en demi-journee est detecte via la regle A1<B2 ET B1<A2 ; les plages disjointes passent.","High","orion local-only playwright-candidate","ORI-956","TP-LOCAL-SPRINT-11-12-13","TE-LOCAL-INT2-SPRINT-11-12-13","TS-ORI-956"
"TC-ORI-956-CT-ABH-10-R173","Test","ORI-956 CT-ABH-10 - RG_INT_ABACHE_2 - Chevauchement horaire vs absence et vs conge journee (CA E9/E10)","Le chevauchement horaire est detecte entre deux plages, et une plage horaire vs une journee complete est systematiquement bloquante.","High","orion local-only playwright-candidate","ORI-956","TP-LOCAL-SPRINT-11-12-13","TE-LOCAL-INT2-SPRINT-11-12-13","TS-ORI-956"
"TC-ORI-956-CT-ABH-11-R174","Test","ORI-956 CT-ABH-11 - RG_INT_ABACAD_1 (A) - Calcul et affichage de la duree en jours (modes de decompte) (CA F1-F4)","La duree en jours est calculee selon le mode de decompte et les concepts (feries, jours non travailles) avec priorite au 'Ne pas decompter', et affichee a l'ecran.","High","orion local-only playwright-candidate","ORI-956","TP-LOCAL-SPRINT-11-12-13","TE-LOCAL-INT2-SPRINT-11-12-13","TS-ORI-956"
"TC-ORI-956-CT-ABH-12-R175","Test","ORI-956 CT-ABH-12 - RG_INT_ABACAD_1 (A) - Droit local Alsace-Moselle et priorite des concepts (CA F5)","Le calcul de duree applique le calendrier des feries correct selon l'agence (Alsace-Moselle vs droit commun).","Medium","orion local-only playwright-candidate","ORI-956","TP-LOCAL-SPRINT-11-12-13","TE-LOCAL-INT2-SPRINT-11-12-13","TS-ORI-956"
"TC-ORI-956-CT-ABH-13-R176","Test","ORI-956 CT-ABH-13 - RG_INT_ABACAD_1 (B) - Calcul et affichage de la duree en heures (dates =) (CA F6-F8)","En mode heures, la duree est calculee (fin - debut) et affichee au format xxhxx, sans appliquer l'algorithme de decompte en jours.","High","orion local-only playwright-candidate","ORI-956","TP-LOCAL-SPRINT-11-12-13","TE-LOCAL-INT2-SPRINT-11-12-13","TS-ORI-956"
"TC-ORI-956-CT-ABH-14-R177","Test","ORI-956 CT-ABH-14 - RG_INT_ABACAD_1 (C) - Duree = 0 : message bloquant","Une periode dont la duree calculee est nulle est bloquee avec le message dedie.","High","orion local-only playwright-candidate","ORI-956","TP-LOCAL-SPRINT-11-12-13","TE-LOCAL-INT2-SPRINT-11-12-13","TS-ORI-956"
"TC-ORI-956-CT-ABH-15-R178","Test","ORI-956 CT-ABH-15 - RG_INT_ABADUR_1 - Controle du nombre de jours max (dates <>) (CA F9-F11)","La duree calculee ne doit pas depasser le nombre de jours max du parametrage (comparaison stricte >), sauf si date debut = date fin ou nombre non renseigne.","High","orion local-only playwright-candidate","ORI-956","TP-LOCAL-SPRINT-11-12-13","TE-LOCAL-INT2-SPRINT-11-12-13","TS-ORI-956"
"TC-ORI-956-CT-ABH-16-R179","Test","ORI-956 CT-ABH-16 - Reutilisation des RG sur les ecrans Modification et Visualisation d'une absence","Les memes regles de gestion des heures/durees/chevauchement s'appliquent de facon coherente sur les ecrans de modification et de visualisation d'une absence.","Medium","orion local-only playwright-candidate","ORI-956","TP-LOCAL-SPRINT-11-12-13","TE-LOCAL-INT2-SPRINT-11-12-13","TS-ORI-956"
"TC-ORI-1356-CT-VIS-01-R181","Test","ORI-1356 CT-VIS-01 - Affichage en lecture seule de l'ecran Visualiser une absence (aucun controle, aucun calcul)","L'ecran de visualisation affiche l'ensemble des donnees de l'absence en lecture seule, sans aucun controle ni recalcul.","High","orion local-only playwright-candidate","ORI-1356","TP-LOCAL-SPRINT-11-12-13","TE-LOCAL-INT2-SPRINT-11-12-13","TS-ORI-1356"
"TC-ORI-1356-CT-VIS-02-R182","Test","ORI-1356 CT-VIS-02 - RG_INT_VISUTEL_1 - Affichage et telechargement des documents justificatifs","Les documents justificatifs sont affiches (nom/date/heure), tries par date decroissante, et telechargeables pour visualisation.","High","orion local-only playwright-candidate","ORI-1356","TP-LOCAL-SPRINT-11-12-13","TE-LOCAL-INT2-SPRINT-11-12-13","TS-ORI-1356"
"TC-ORI-1356-CT-VIS-03-R183","Test","ORI-1356 CT-VIS-03 - RG_INT_ABSVAL_1 - Validation reussie d'une absence 'A valider' (justificatif non requis ou present)","Une absence 'A valider' avec justificatif conforme passe au statut 'Valide' et masque le bouton Valider, avec envoi KAFKA selon la suspension.","High","orion local-only playwright-candidate","ORI-1356","TP-LOCAL-SPRINT-11-12-13","TE-LOCAL-INT2-SPRINT-11-12-13","TS-ORI-1356"
"TC-ORI-1356-CT-VIS-04-R184","Test","ORI-1356 CT-VIS-04 - RG_INT_ABSVAL_1 - Validation bloquee si justificatif obligatoire absent","La validation est bloquee tant qu'un justificatif obligatoire n'est pas fourni, avec message dedie et statut inchange.","High","orion local-only playwright-candidate","ORI-1356","TP-LOCAL-SPRINT-11-12-13","TE-LOCAL-INT2-SPRINT-11-12-13","TS-ORI-1356"
"TC-ORI-1356-CT-VIS-05-R185","Test","ORI-1356 CT-VIS-05 - RG_INT_ABSANN_1 - Annulation d'une absence -> statut 'Annule' et bascule vers l'onglet Cloturés","L'annulation fait passer l'absence au statut 'Annule', la deplace dans l'onglet Cloturés et emet le message KAFKA.","High","orion local-only playwright-candidate","ORI-1356","TP-LOCAL-SPRINT-11-12-13","TE-LOCAL-INT2-SPRINT-11-12-13","TS-ORI-1356"
"TC-ORI-1356-CT-VIS-06-R186","Test","ORI-1356 CT-VIS-06 - RG_INT_CLOSTA_1 / CA J1-J3 - Onglet Cloturés : contenu et actions restreintes","L'onglet Cloturés ne contient que les absences annulees, en consultation seule (visualiser + historique), sans action de validation/annulation.","High","orion local-only playwright-candidate","ORI-1356","TP-LOCAL-SPRINT-11-12-13","TE-LOCAL-INT2-SPRINT-11-12-13","TS-ORI-1356"
"TC-ORI-1356-CT-VIS-07-R187","Test","ORI-1356 CT-VIS-07 - RG_INT_ABSHOR_1 / CA B8/J5 - Historique d'une absence (cycle de vie)","L'historique restitue le cycle de vie complet de l'absence (date, acteur, statut avant/apres), trie par date decroissante.","Medium","orion local-only playwright-candidate","ORI-1356","TP-LOCAL-SPRINT-11-12-13","TE-LOCAL-INT2-SPRINT-11-12-13","TS-ORI-1356"
"TC-ORI-1356-CT-VIS-08-R188","Test","ORI-1356 CT-VIS-08 - Fermeture de l'ecran de visualisation (bouton FERMER / croix)","L'ecran de visualisation se ferme et revient a la liste des absences via le bouton FERMER ou la croix.","Medium","orion local-only playwright-candidate","ORI-1356","TP-LOCAL-SPRINT-11-12-13","TE-LOCAL-INT2-SPRINT-11-12-13","TS-ORI-1356"
"TC-ORI-745-CT-UX-01-R190","Test","ORI-745 CT-UX-01 - Icone 'Valide' (task_alt) sur Vue generale RDV Commercial + Drawer et Fiche client/prospect","L'icone 'Valide' (task_alt) remplace tous les anciens icones checks sur la Vue generale RDV Commercial, son drawer et la fiche client/prospect.","High","orion local-only playwright-candidate","ORI-745","TP-LOCAL-SPRINT-11-12-13","TE-LOCAL-INT2-SPRINT-11-12-13","TS-ORI-745"
"TC-ORI-745-CT-UX-02-R191","Test","ORI-745 CT-UX-02 - Icones 'Agence' (Storefront) et 'Duree' sur la Vue generale RDV Commercial","Les icones 'Agence' (Storefront) et 'Duree' remplacent respectivement les anciens icones agence et le sablier sur la Vue generale RDV Commercial et son drawer.","High","orion local-only playwright-candidate","ORI-745","TP-LOCAL-SPRINT-11-12-13","TE-LOCAL-INT2-SPRINT-11-12-13","TS-ORI-745"
"TC-ORI-745-CT-UX-03-R192","Test","ORI-745 CT-UX-03 - Icone 'Identite' (contact_page) sur Modification et Creation prospect/lead","L'icone 'Identite' (contact_page) remplace les anciens icones d'acces aux formulaires d'identite sur les ecrans de modification et creation de prospect/lead.","High","orion local-only playwright-candidate","ORI-745","TP-LOCAL-SPRINT-11-12-13","TE-LOCAL-INT2-SPRINT-11-12-13","TS-ORI-745"
"TC-ORI-745-CT-UX-04-R193","Test","ORI-745 CT-UX-04 - Icones 'Telephone/contact' (phone) et 'Service/Produit' (extension)","Les icones 'phone' (telephone/contact hors mail) et 'extension' (service/produit) remplacent les anciens icones sur les ecrans concernes.","Medium","orion local-only playwright-candidate","ORI-745","TP-LOCAL-SPRINT-11-12-13","TE-LOCAL-INT2-SPRINT-11-12-13","TS-ORI-745"
"TC-ORI-745-CT-UX-05-R194","Test","ORI-745 CT-UX-05 - Distinction Tag (statut) vs Alerte (completude/anomalie)","Les statuts sont representes par des tags et les indications de completude/anomalie par des alertes, conformement a la regle de distinction.","High","orion local-only playwright-candidate","ORI-745","TP-LOCAL-SPRINT-11-12-13","TE-LOCAL-INT2-SPRINT-11-12-13","TS-ORI-745"
"TC-ORI-745-CT-UX-06-R195","Test","ORI-745 CT-UX-06 - Multi-elements : affichage compact et expansion au clic (listes Clients prospect et Entites juridiques)","Les listes Clients prospect et Entites juridiques affichent les elements multiples de facon compacte (+N) avec expansion au clic, conformement a la maquette.","High","orion local-only playwright-candidate","ORI-745","TP-LOCAL-SPRINT-11-12-13","TE-LOCAL-INT2-SPRINT-11-12-13","TS-ORI-745"
"TC-ORI-745-CT-UX-07-R196","Test","ORI-745 CT-UX-07 - Conformite maquette et coherence transverse des icones remplaces","Tous les icones cibles sont remplaces de maniere coherente sur l'ensemble des pages impactees, sans residu d'anciens icones.","Medium","orion local-only playwright-candidate","ORI-745","TP-LOCAL-SPRINT-11-12-13","TE-LOCAL-INT2-SPRINT-11-12-13","TS-ORI-745"
"TC-ORI-745-CT-UX-08-R197","Test","ORI-745 CT-UX-08 - Non-regression fonctionnelle des elements dont l'icone/tag a change","Le remplacement des icones/tags n'introduit aucune regression fonctionnelle : les actions et navigations associees restent conformes.","Medium","orion local-only playwright-candidate","ORI-745","TP-LOCAL-SPRINT-11-12-13","TE-LOCAL-INT2-SPRINT-11-12-13","TS-ORI-745"
"TC-ORI-769-CT-LOC-01-R199","Test","ORI-769 CT-LOC-01 - Affichage de la localisation (carte + adresse + pin) dans le drawer d'un RDV avec adresse","Le drawer de detail d'un RDV avec adresse affiche la zone localisation avec la carte, l'adresse textuelle et un pin positionne.","High","orion local-only playwright-candidate","ORI-769","TP-LOCAL-SPRINT-11-12-13","TE-LOCAL-INT2-SPRINT-11-12-13","TS-ORI-769"
"TC-ORI-769-CT-LOC-02-R200","Test","ORI-769 CT-LOC-02 - RDV sans adresse renseignee : etat vide de la zone localisation","Un RDV sans adresse affiche un etat vide clair pour la localisation, sans carte ni pin et sans bloquer le drawer.","High","orion local-only playwright-candidate","ORI-769","TP-LOCAL-SPRINT-11-12-13","TE-LOCAL-INT2-SPRINT-11-12-13","TS-ORI-769"
"TC-ORI-769-CT-LOC-03-R201","Test","ORI-769 CT-LOC-03 - Source de l'adresse affichee : RDV a domicile vs RDV en agence","La localisation affichee correspond bien au lieu du RDV : adresse domicile client pour un RDV a domicile, adresse agence pour un RDV en agence.","Medium","orion local-only playwright-candidate","ORI-769","TP-LOCAL-SPRINT-11-12-13","TE-LOCAL-INT2-SPRINT-11-12-13","TS-ORI-769"
"TC-ORI-769-CT-LOC-04-R202","Test","ORI-769 CT-LOC-04 - Robustesse : echec de chargement de la carte (GEOWS/reseau KO) - mode degrade","En cas d'indisponibilite du service carto, l'adresse reste affichee et le drawer reste fonctionnel (degradation gracieuse, sans blocage).","High","orion local-only playwright-candidate","ORI-769","TP-LOCAL-SPRINT-11-12-13","TE-LOCAL-INT2-SPRINT-11-12-13","TS-ORI-769"
"TC-ORI-769-CT-LOC-05-R203","Test","ORI-769 CT-LOC-05 - Adresse non geocodable : affichage texte sans pin precis","Une adresse non geocodable affiche le texte de l'adresse sans pin precis, sans bloquer l'affichage du drawer.","Medium","orion local-only playwright-candidate","ORI-769","TP-LOCAL-SPRINT-11-12-13","TE-LOCAL-INT2-SPRINT-11-12-13","TS-ORI-769"
"TC-ORI-769-CT-LOC-06-R204","Test","ORI-769 CT-LOC-06 - Interaction sur la carte / bouton itineraire (si present)","Les interactions de la carte (zoom/pin) et le bouton itineraire, s'ils existent, fonctionnent conformement a la maquette (a confirmer sur Figma).","Medium","orion local-only playwright-candidate","ORI-769","TP-LOCAL-SPRINT-11-12-13","TE-LOCAL-INT2-SPRINT-11-12-13","TS-ORI-769"
"TC-ORI-769-CT-LOC-07-R205","Test","ORI-769 CT-LOC-07 - Localisation en lecture seule pour un RDV annule ou passe (historique)","La zone localisation reste consultable et coherente pour les RDV annules et passes, en lecture seule.","Medium","orion local-only playwright-candidate","ORI-769","TP-LOCAL-SPRINT-11-12-13","TE-LOCAL-INT2-SPRINT-11-12-13","TS-ORI-769"
"TC-ORI-368-CT-BSN-01-R207","Test","ORI-368 CT-BSN-01 - CA-A01 - Affichage du tableau des besoins et alimentation automatique (statut A qualifier)","Le tableau des besoins affiche les bonnes colonnes en lecture seule et integre automatiquement les besoins 'A qualifier' de la synthese Agences et services.","High","orion local-only playwright-candidate","ORI-368","TP-LOCAL-SPRINT-11-12-13","TE-LOCAL-INT2-SPRINT-11-12-13","TS-ORI-368"
"TC-ORI-368-CT-BSN-02-R208","Test","ORI-368 CT-BSN-02 - RG_BSN_TRILST_01 / CA-A02 - Tri par defaut (statut puis date de creation croissante)","Le tableau applique par defaut le tri par statut (ordre defini) puis par date de creation croissante.","High","orion local-only playwright-candidate","ORI-368","TP-LOCAL-SPRINT-11-12-13","TE-LOCAL-INT2-SPRINT-11-12-13","TS-ORI-368"
"TC-ORI-368-CT-BSN-03-R209","Test","ORI-368 CT-BSN-03 - RG_BSN_TRILST_02 / CA-A03 - Tri utilisateur par colonne (alternance croissant/decroissant)","L'utilisateur peut trier les colonnes Service, Statut, Responsable et Date de creation avec alternance du sens ; la colonne Actions n'est pas triable.","Medium","orion local-only playwright-candidate","ORI-368","TP-LOCAL-SPRINT-11-12-13","TE-LOCAL-INT2-SPRINT-11-12-13","TS-ORI-368"
"TC-ORI-368-CT-BSN-04-R210","Test","ORI-368 CT-BSN-04 - RG_BSN_ACT_01 / CA-A04-A07/A19 - Actions disponibles selon le statut du besoin","Les actions proposees par ligne (Modifier, Consulter, Abandonner) correspondent au statut du besoin et a la presence de devis actifs.","High","orion local-only playwright-candidate","ORI-368","TP-LOCAL-SPRINT-11-12-13","TE-LOCAL-INT2-SPRINT-11-12-13","TS-ORI-368"
"TC-ORI-368-CT-BSN-05-R211","Test","ORI-368 CT-BSN-05 - RG_BSN_ABAND_01 / CA1-16-18 - Regle d'abandon selon presence de devis","L'action Abandonner n'est disponible sur un besoin Qualifie que si aucun devis actif n'y est rattache (sans devis ou devis Refuse/Expire).","High","orion local-only playwright-candidate","ORI-368","TP-LOCAL-SPRINT-11-12-13","TE-LOCAL-INT2-SPRINT-11-12-13","TS-ORI-368"
"TC-ORI-368-CT-BSN-06-R212","Test","ORI-368 CT-BSN-06 - RG_BSN_MODIF_01 / CA-A08-A11 - Action Modifier : chargement du formulaire de la famille","L'action Modifier ouvre le formulaire de la famille de produits (vierge ou prerempli selon le statut) et affiche une erreur si aucun formulaire n'est parametre.","High","orion local-only playwright-candidate","ORI-368","TP-LOCAL-SPRINT-11-12-13","TE-LOCAL-INT2-SPRINT-11-12-13","TS-ORI-368"
"TC-ORI-368-CT-BSN-07-R213","Test","ORI-368 CT-BSN-07 - RG_BSN_CONSULT_01 / CA-A19 - Action Consulter d'un besoin Abandonne (lecture seule)","L'action Consulter (statut Abandonne) ouvre le formulaire du besoin en lecture seule, sans action de validation.","Medium","orion local-only playwright-candidate","ORI-368","TP-LOCAL-SPRINT-11-12-13","TE-LOCAL-INT2-SPRINT-11-12-13","TS-ORI-368"
"TC-ORI-368-CT-BSN-08-R214","Test","ORI-368 CT-BSN-08 - Contenu des colonnes Service / Statut / Responsable / Date de creation","Les colonnes Service, Statut, Responsable et Date de creation affichent les valeurs attendues, avec responsable vide avant la 1ere qualification.","Medium","orion local-only playwright-candidate","ORI-368","TP-LOCAL-SPRINT-11-12-13","TE-LOCAL-INT2-SPRINT-11-12-13","TS-ORI-368"
"TC-ORI-667-CT-FILT-01-R216","Test","ORI-667 CT-FILT-01 - RG_BSN_FILT_01 / CA-B01-B03 - Champ 'Rechercher un besoin' : criteres couverts et insensibilite casse/accents","Le champ de recherche filtre les besoins sur le service, le responsable et la reference de devis, de maniere insensible a la casse et aux accents.","High","orion local-only playwright-candidate","ORI-667","TP-LOCAL-SPRINT-11-12-13","TE-LOCAL-INT2-SPRINT-11-12-13","TS-ORI-667"
"TC-ORI-667-CT-FILT-02-R217","Test","ORI-667 CT-FILT-02 - RG_BSN_FILT_02 / CA-B02 - Filtre 'Statut' (cases a cocher multi-selection) et valeur par defaut 'Tous'","Le filtre Statut (cases a cocher) affiche par defaut 'Tous' et permet de filtrer sur un ou plusieurs statuts.","High","orion local-only playwright-candidate","ORI-667","TP-LOCAL-SPRINT-11-12-13","TE-LOCAL-INT2-SPRINT-11-12-13","TS-ORI-667"
"TC-ORI-667-CT-FILT-03-R218","Test","ORI-667 CT-FILT-03 - RG_BSN_FILT_04 / CA-B04 - Application cumulative des criteres (logique ET)","La combinaison recherche texte + filtre statut s'applique de maniere cumulative (ET) : seuls les besoins respectant tous les criteres sont affiches.","High","orion local-only playwright-candidate","ORI-667","TP-LOCAL-SPRINT-11-12-13","TE-LOCAL-INT2-SPRINT-11-12-13","TS-ORI-667"
"TC-ORI-667-CT-FILT-04-R219","Test","ORI-667 CT-FILT-04 - RG_BSN_FILT_03 / CA-B05 - Reinitialiser les filtres (retour valeurs par defaut + tri par defaut)","Le lien 'Reinitialiser les filtres' remet les filtres a leur valeur par defaut et reaffiche tous les besoins avec le tri par defaut.","High","orion local-only playwright-candidate","ORI-667","TP-LOCAL-SPRINT-11-12-13","TE-LOCAL-INT2-SPRINT-11-12-13","TS-ORI-667"
"TC-ORI-667-CT-FILT-05-R220","Test","ORI-667 CT-FILT-05 - RG_BSN_FILT_02 - Etat vide filtre (aucun besoin ne correspond)","Lorsqu'aucun besoin ne correspond aux criteres, la liste des besoins est vide (etat vide filtre).","Medium","orion local-only playwright-candidate","ORI-667","TP-LOCAL-SPRINT-11-12-13","TE-LOCAL-INT2-SPRINT-11-12-13","TS-ORI-667"
"TC-ORI-667-CT-FILT-06-R221","Test","ORI-667 CT-FILT-06 - Application immediate du filtrage (sans bouton) et coherence avec le tableau","Le filtrage s'applique immediatement a la saisie/selection, sans bouton, avec une liste actualisee de facon coherente.","Medium","orion local-only playwright-candidate","ORI-667","TP-LOCAL-SPRINT-11-12-13","TE-LOCAL-INT2-SPRINT-11-12-13","TS-ORI-667"
"TC-ORI-995-CT-ABD-01-R223","Test","ORI-995 CT-ABD-01 - Disponibilite de l'action Abandonner selon le statut et les devis associes","L'action Abandonner n'est disponible que pour les statuts A qualifier/Qualification en cours/Qualifie sans devis actif, et absente sinon.","High","orion local-only playwright-candidate","ORI-995","TP-LOCAL-SPRINT-11-12-13","TE-LOCAL-INT2-SPRINT-11-12-13","TS-ORI-995"
"TC-ORI-995-CT-ABD-02-R224","Test","ORI-995 CT-ABD-02 - RG_BSN_ABAND_MOTIF_01 / CA-01 - Abandon avec un motif standard (different de 'Autre')","L'abandon avec un motif standard fait passer le besoin au statut 'Abandonne' apres confirmation.","High","orion local-only playwright-candidate","ORI-995","TP-LOCAL-SPRINT-11-12-13","TE-LOCAL-INT2-SPRINT-11-12-13","TS-ORI-995"
"TC-ORI-995-CT-ABD-03-R225","Test","ORI-995 CT-ABD-03 - RG_BSN_ABAND_COMM_01 / CA-02 - Motif 'Autre' : champ Commentaire affiche et obligatoire","La selection du motif 'Autre' affiche un champ Commentaire obligatoire, bloquant la validation tant qu'il n'est pas saisi.","High","orion local-only playwright-candidate","ORI-995","TP-LOCAL-SPRINT-11-12-13","TE-LOCAL-INT2-SPRINT-11-12-13","TS-ORI-995"
"TC-ORI-995-CT-ABD-04-R226","Test","ORI-995 CT-ABD-04 - RG_BSN_ABAND_MOTIF_01 - Motif d'abandon obligatoire (blocage si absent)","La validation de l'abandon est impossible tant qu'aucun motif n'est selectionne.","High","orion local-only playwright-candidate","ORI-995","TP-LOCAL-SPRINT-11-12-13","TE-LOCAL-INT2-SPRINT-11-12-13","TS-ORI-995"
"TC-ORI-995-CT-ABD-05-R227","Test","ORI-995 CT-ABD-05 - RG_BSN_ABAND_RET_01 / CA-03 - Annulation de la procedure d'abandon (bouton Retour)","Le bouton Retour ferme la modale sans modifier le statut du besoin.","Medium","orion local-only playwright-candidate","ORI-995","TP-LOCAL-SPRINT-11-12-13","TE-LOCAL-INT2-SPRINT-11-12-13","TS-ORI-995"
"TC-ORI-995-CT-ABD-06-R228","Test","ORI-995 CT-ABD-06 - RG_BSN_ABAND_VALID_01 - Etat post-abandon : irreversibilite et actions restantes (Consulter seul)","Un besoin abandonne est verrouille en lecture seule, seule l'action Consulter reste disponible, et l'abandon est irreversible.","High","orion local-only playwright-candidate","ORI-995","TP-LOCAL-SPRINT-11-12-13","TE-LOCAL-INT2-SPRINT-11-12-13","TS-ORI-995"
"TC-ORI-1068-CT-RND-01-R230","Test","ORI-1068 CT-RND-01 - RG_BSN_QUAL_01 / CA-01 - Rendu dynamique du JSON en modale stepper (ouverture besoin 'A qualifier')","Le renderer interprete le JSON actif et affiche dynamiquement le formulaire vierge en modale stepper conforme au Design System Orion.","High","orion local-only playwright-candidate","ORI-1068","TP-LOCAL-SPRINT-11-12-13","TE-LOCAL-INT2-SPRINT-11-12-13","TS-ORI-1068"
"TC-ORI-1068-CT-RND-02-R231","Test","ORI-1068 CT-RND-02 - Types de widgets supportes et mapping Design System Orion","Le renderer affiche correctement chaque type de widget avec le composant Design System Orion et respecte les proprietes definies dans le JSON.","High","orion local-only playwright-candidate","ORI-1068","TP-LOCAL-SPRINT-11-12-13","TE-LOCAL-INT2-SPRINT-11-12-13","TS-ORI-1068"
"TC-ORI-1068-CT-RND-03-R232","Test","ORI-1068 CT-RND-03 - RG_BSN_QUAL_04 / CA-02 - Navigation entre etapes (Precedent/Suivant/stepper) et indicateur de completude","La navigation entre etapes (Suivant/Precedent/stepper) fonctionne et l'indicateur de completude par etape est mis a jour correctement.","High","orion local-only playwright-candidate","ORI-1068","TP-LOCAL-SPRINT-11-12-13","TE-LOCAL-INT2-SPRINT-11-12-13","TS-ORI-1068"
"TC-ORI-1068-CT-RND-04-R233","Test","ORI-1068 CT-RND-04 - RG_BSN_QUAL_02 / CA-03 - Champs conditionnels (affichage/masquage + reinitialisation)","Les champs conditionnels s'affichent/masquent dynamiquement selon la valeur source, avec reinitialisation de la valeur et exclusion de la validation quand masques.","High","orion local-only playwright-candidate","ORI-1068","TP-LOCAL-SPRINT-11-12-13","TE-LOCAL-INT2-SPRINT-11-12-13","TS-ORI-1068"
"TC-ORI-1068-CT-RND-05-R234","Test","ORI-1068 CT-RND-05 - RG_BSN_QUAL_03/07 - Validation des champs et completude d'etape","Le renderer applique les regles de validation du JSON et ne considere une etape Complete que lorsque ses donnees obligatoires sont valides.","High","orion local-only playwright-candidate","ORI-1068","TP-LOCAL-SPRINT-11-12-13","TE-LOCAL-INT2-SPRINT-11-12-13","TS-ORI-1068"
"TC-ORI-1068-CT-RND-06-R235","Test","ORI-1068 CT-RND-06 - RG_BSN_QUAL_06/07 / CA-04 - Enregistrement partiel (statut 'Qualification en cours')","L'enregistrement partiel sauvegarde les donnees saisies et fait passer/rester le besoin au statut 'Qualification en cours'.","High","orion local-only playwright-candidate","ORI-1068","TP-LOCAL-SPRINT-11-12-13","TE-LOCAL-INT2-SPRINT-11-12-13","TS-ORI-1068"
"TC-ORI-1068-CT-RND-07-R236","Test","ORI-1068 CT-RND-07 - RG_BSN_QUAL_06/07 / CA-06 - Qualification complete (statut 'Qualifie' + fermeture + refresh)","Lorsque toutes les etapes sont completes, l'enregistrement fait passer le besoin au statut 'Qualifie', ferme la modale et rafraichit la liste.","High","orion local-only playwright-candidate","ORI-1068","TP-LOCAL-SPRINT-11-12-13","TE-LOCAL-INT2-SPRINT-11-12-13","TS-ORI-1068"
"TC-ORI-1068-CT-RND-08-R237","Test","ORI-1068 CT-RND-08 - RG_BSN_QUAL_05/09 / CA-05/CA-08 - Versionning : conservation de la version du JSON","Le renderer conserve et recharge la version du JSON associee au besoin, garantissant la restitution fidele des donnees meme apres evolution du formulaire.","High","orion local-only playwright-candidate","ORI-1068","TP-LOCAL-SPRINT-11-12-13","TE-LOCAL-INT2-SPRINT-11-12-13","TS-ORI-1068"
"TC-ORI-1068-CT-RND-09-R238","Test","ORI-1068 CT-RND-09 - CA-07 - Fermeture de la modale sans enregistrement (dialogue de confirmation)","La fermeture avec modifications non enregistrees declenche un dialogue de confirmation offrant de quitter sans enregistrer ou d'enregistrer.","Medium","orion local-only playwright-candidate","ORI-1068","TP-LOCAL-SPRINT-11-12-13","TE-LOCAL-INT2-SPRINT-11-12-13","TS-ORI-1068"
"TC-ORI-452-CT-DUR-01-R240","Test","ORI-452 CT-DUR-01 - RG_CTR_INT_01 / Scenario 1 - Duree de realisation trop longue : notification generee","Une duree de realisation superieure a la duree planifiee + seuil genere une notification associee a l'intervention avec le message attendu.","High","orion local-only playwright-candidate","ORI-452","TP-LOCAL-SPRINT-11-12-13","TE-LOCAL-INT2-SPRINT-11-12-13","TS-ORI-452"
"TC-ORI-452-CT-DUR-02-R241","Test","ORI-452 CT-DUR-02 - RG_CTR_INT_01 / Scenario 2 - Duree de realisation trop courte : notification generee","Une duree de realisation inferieure a la duree planifiee - seuil genere une notification associee a l'intervention avec le message attendu.","High","orion local-only playwright-candidate","ORI-452","TP-LOCAL-SPRINT-11-12-13","TE-LOCAL-INT2-SPRINT-11-12-13","TS-ORI-452"
"TC-ORI-452-CT-DUR-03-R242","Test","ORI-452 CT-DUR-03 - RG_CTR_INT_01 / Scenario 3 - Duree de realisation conforme : aucune notification","Une duree de realisation comprise dans la plage toleree (planifiee +/- seuil) ne genere aucune notification.","High","orion local-only playwright-candidate","ORI-452","TP-LOCAL-SPRINT-11-12-13","TE-LOCAL-INT2-SPRINT-11-12-13","TS-ORI-452"
"TC-ORI-452-CT-DUR-04-R243","Test","ORI-452 CT-DUR-04 - RG_CTR_INT_01 - Bornes exactes du seuil (planifiee +/- seuil) : conforme (non strict)","Les durees egales aux bornes du seuil (planifiee +/- seuil) sont considerees conformes et ne generent pas de notification (comparaisons strictes).","High","orion local-only playwright-candidate","ORI-452","TP-LOCAL-SPRINT-11-12-13","TE-LOCAL-INT2-SPRINT-11-12-13","TS-ORI-452"
"TC-ORI-452-CT-DUR-05-R244","Test","ORI-452 CT-DUR-05 - RG_CTR_INT_01 - Seuil differencie par famille de produits (table DMN)","Le controle applique le seuil d'ecart tolere propre a la famille de produits de l'intervention, issu de la table DMN.","Medium","orion local-only playwright-candidate","ORI-452","TP-LOCAL-SPRINT-11-12-13","TE-LOCAL-INT2-SPRINT-11-12-13","TS-ORI-452"
"TC-ORI-452-CT-DUR-06-R245","Test","ORI-452 CT-DUR-06 - RG_CTR_INT_02 - Contenu et attributs de la notification creee (DMN criteres + statut)","La notification creee est correctement associee a l'intervention, au statut 'En cours', avec les attributs (action, niveau, code message, canal) issus de la table DMN.","High","orion local-only playwright-candidate","ORI-452","TP-LOCAL-SPRINT-11-12-13","TE-LOCAL-INT2-SPRINT-11-12-13","TS-ORI-452"
"TC-ORI-688-CT-PTG-01-R247","Test","ORI-688 CT-PTG-01 - RG_PLA_HRD_01 - Presence des 2 icones (debut et fin) sur la carte d'intervention","La carte d'intervention affiche deux icones distinctes representant l'etat des pointages de debut et de fin.","High","orion local-only playwright-candidate","ORI-688","TP-LOCAL-SPRINT-11-12-13","TE-LOCAL-INT2-SPRINT-11-12-13","TS-ORI-688"
"TC-ORI-688-CT-PTG-02-R248","Test","ORI-688 CT-PTG-02 - RG_PLA_HRD_01 - Icone selon le type de pointage (Aucun pointage / Scan QR / Manuel / Force)","L'icone affichee reflete correctement le type de chaque pointage (Aucun pointage, Scan QR code, Pointage manuel, Force).","High","orion local-only playwright-candidate","ORI-688","TP-LOCAL-SPRINT-11-12-13","TE-LOCAL-INT2-SPRINT-11-12-13","TS-ORI-688"
"TC-ORI-688-CT-PTG-03-R249","Test","ORI-688 CT-PTG-03 - RG_PLAI_BAI_01 - Priorite des pointages : force > declare > planifie (icone et horodate)","L'icone et l'horodate de chaque pointage suivent la priorite force > declare > planifie, appliquee independamment au debut et a la fin.","High","orion local-only playwright-candidate","ORI-688","TP-LOCAL-SPRINT-11-12-13","TE-LOCAL-INT2-SPRINT-11-12-13","TS-ORI-688"
"TC-ORI-688-CT-PTG-04-R250","Test","ORI-688 CT-PTG-04 - RG_PLA_TLP_01 - Infobulle au survol : type des pointages par intervenant","L'infobulle au survol restitue le type des pointages de debut et de fin pour chaque intervenant affecte a l'intervention.","Medium","orion local-only playwright-candidate","ORI-688","TP-LOCAL-SPRINT-11-12-13","TE-LOCAL-INT2-SPRINT-11-12-13","TS-ORI-688"
"TC-ORI-688-CT-PTG-05-R251","Test","ORI-688 CT-PTG-05 - RG_PLA_HRD_01 - Affichage identique de l'etat des pointages dans la vue 'Clients'","L'etat des pointages s'affiche de facon identique dans la vue Clients, avec la logique multi-intervenants (debut le plus tot / fin le plus tard) pour l'horodate.","High","orion local-only playwright-candidate","ORI-688","TP-LOCAL-SPRINT-11-12-13","TE-LOCAL-INT2-SPRINT-11-12-13","TS-ORI-688"
"TC-ORI-688-CT-PTG-06-R252","Test","ORI-688 CT-PTG-06 - Mise a jour de l'etat des pointages a la reception/forcage d'un pointage","L'etat des pointages (icone + horodate) se met a jour au fil du cycle de vie selon les pointages recus/forces, en respectant la priorite force > declare > planifie.","Medium","orion local-only playwright-candidate","ORI-688","TP-LOCAL-SPRINT-11-12-13","TE-LOCAL-INT2-SPRINT-11-12-13","TS-ORI-688"
"TC-ORI-728-CT-DIS-01-R254","Test","ORI-728 CT-DIS-01 - RG_CRT_SIN_07/08 / Scenario 7 - Intervenant disponible : serie et interventions creees (Pourvue)","Un intervenant disponible entraine la creation complete de la serie et des interventions au statut 'Pourvue' avec affectation de l'intervenant.","High","orion local-only playwright-candidate","ORI-728","TP-LOCAL-SPRINT-11-12-13","TE-LOCAL-INT2-SPRINT-11-12-13","TS-ORI-728"
"TC-ORI-728-CT-DIS-02-R255","Test","ORI-728 CT-DIS-02 - RG_CRT_SIN_07/09 / Scenario 17 - Intervenant indisponible pour la serie : creation bloquee + notification","Un intervenant indisponible pour la serie (conflit recurrent) bloque la creation, place le message en erreur et genere une notification dediee.","High","orion local-only playwright-candidate","ORI-728","TP-LOCAL-SPRINT-11-12-13","TE-LOCAL-INT2-SPRINT-11-12-13","TS-ORI-728"
"TC-ORI-728-CT-DIS-03-R256","Test","ORI-728 CT-DIS-03 - RG_CRT_SIN_08 / Scenario 18 - Disponible pour la serie mais indisponible pour une occurrence (Non pourvue)","Un intervenant disponible pour la serie mais en conflit sur une occurrence entraine la creation de la serie, l'occurrence concernee etant 'Non pourvue'.","High","orion local-only playwright-candidate","ORI-728","TP-LOCAL-SPRINT-11-12-13","TE-LOCAL-INT2-SPRINT-11-12-13","TS-ORI-728"
"TC-ORI-728-CT-DIS-04-R257","Test","ORI-728 CT-DIS-04 - RG_CRT_SIN_08 - Exclusion des elements au statut 'Annule' du controle de disponibilite","Un element de planning au statut 'Annule' n'est pas considere comme un conflit ; l'intervenant reste disponible.","Medium","orion local-only playwright-candidate","ORI-728","TP-LOCAL-SPRINT-11-12-13","TE-LOCAL-INT2-SPRINT-11-12-13","TS-ORI-728"
"TC-ORI-728-CT-DIS-05-R258","Test","ORI-728 CT-DIS-05 - Scenarios 8/9 - Message sans intervenant (listeIdsIntervenants vide) : verification sautee","En l'absence d'intervenant dans le message, la verification de disponibilite est sautee et la serie est creee avec des interventions Non pourvue/Simulee selon le statut.","High","orion local-only playwright-candidate","ORI-728","TP-LOCAL-SPRINT-11-12-13","TE-LOCAL-INT2-SPRINT-11-12-13","TS-ORI-728"
"TC-ORI-728-CT-DIS-06-R259","Test","ORI-728 CT-DIS-06 - RG_CRT_SIN_07 - Perimetre de la verification serie : recurrents pris en compte, ponctuels ignores","La verification de disponibilite au niveau serie ne considere que les elements recurrents ; les conflits ponctuels n'empechent pas la creation de la serie.","Medium","orion local-only playwright-candidate","ORI-728","TP-LOCAL-SPRINT-11-12-13","TE-LOCAL-INT2-SPRINT-11-12-13","TS-ORI-728"
"TC-ORI-728-CT-DIS-07-R260","Test","ORI-728 CT-DIS-07 - RG_MOD_SIN_07/08 - Verification de disponibilite lors de la MODIFICATION d'une serie (miroir creation)","La verification de disponibilite s'applique de facon identique a la modification d'une serie (creation miroir) : blocage si indispo serie, 'Non pourvue' si conflit d'occurrence.","High","orion local-only playwright-candidate","ORI-728","TP-LOCAL-SPRINT-11-12-13","TE-LOCAL-INT2-SPRINT-11-12-13","TS-ORI-728"
"TC-ORI-750-CT-ERR-01-R262","Test","ORI-750 CT-ERR-01 - RG_CRT_SIN_01 / Scenarios 11-12 - Message non conforme (champ manquant ou incoherence) : notification d'erreur","Un message non conforme (champ manquant ou incoherence) n'entraine aucune creation, est place en file d'erreur et genere une notification indiquant le champ en cause.","High","orion local-only playwright-candidate","ORI-750","TP-LOCAL-SPRINT-11-12-13","TE-LOCAL-INT2-SPRINT-11-12-13","TS-ORI-750"
"TC-ORI-750-CT-ERR-02-R263","Test","ORI-750 CT-ERR-02 - Scenario 16 - Agence inconnue : notification d'erreur","Une agence inconnue bloque la creation, place le message en erreur et genere la notification 'L'agence idAgence est inconnue du domaine Planning'.","High","orion local-only playwright-candidate","ORI-750","TP-LOCAL-SPRINT-11-12-13","TE-LOCAL-INT2-SPRINT-11-12-13","TS-ORI-750"
"TC-ORI-750-CT-ERR-03-R264","Test","ORI-750 CT-ERR-03 - Scenarios 14/15 - Client inconnu et intervenant inconnu : notification d'erreur","Un client ou un intervenant inconnu bloque la creation et genere la notification d'inconnu correspondante, avec message place en file d'erreur.","High","orion local-only playwright-candidate","ORI-750","TP-LOCAL-SPRINT-11-12-13","TE-LOCAL-INT2-SPRINT-11-12-13","TS-ORI-750"
"TC-ORI-750-CT-ERR-04-R265","Test","ORI-750 CT-ERR-04 - Scenario 17 - Intervenant indisponible pour la serie : notification d'erreur","Un intervenant indisponible pour la serie bloque la creation et genere la notification d'indisponibilite, message place en file d'erreur.","High","orion local-only playwright-candidate","ORI-750","TP-LOCAL-SPRINT-11-12-13","TE-LOCAL-INT2-SPRINT-11-12-13","TS-ORI-750"
"TC-ORI-750-CT-ERR-05-R266","Test","ORI-750 CT-ERR-05 - Scenario 13 - Serie d'interventions deja existante : notification d'erreur","Une serie deja existante bloque la creation et genere la notification 'La serie d'interventions idSerieInterventions existe deja dans le domaine Planning'.","Medium","orion local-only playwright-candidate","ORI-750","TP-LOCAL-SPRINT-11-12-13","TE-LOCAL-INT2-SPRINT-11-12-13","TS-ORI-750"
"TC-ORI-750-CT-ERR-06-R267","Test","ORI-750 CT-ERR-06 - RG_CRT_SIN_09 - Contenu de la notification creee et attributs issus de la DMN","La notification d'erreur est correctement enregistree (statut 'En cours', associee a la serie, attributs DMN) et transmise au module transverse de notification.","High","orion local-only playwright-candidate","ORI-750","TP-LOCAL-SPRINT-11-12-13","TE-LOCAL-INT2-SPRINT-11-12-13","TS-ORI-750"
"TC-ORI-750-CT-ERR-07-R268","Test","ORI-750 CT-ERR-07 - Notification des erreurs lors de la MODIFICATION d'une serie (miroir creation)","La notification des erreurs s'applique de facon identique a la modification d'une serie (miroir creation) : blocage de la mise a jour, file d'erreur et notification.","High","orion local-only playwright-candidate","ORI-750","TP-LOCAL-SPRINT-11-12-13","TE-LOCAL-INT2-SPRINT-11-12-13","TS-ORI-750"
"TC-ORI-750-CT-ERR-01-R270","Test","ORI-750 CT-ERR-01 - RG_CRT_SIN_01 / Scenarios 11-12 - Message non conforme (champ manquant ou incoherence) : notification d'erreur","Un message non conforme (champ manquant ou incoherence) n'entraine aucune creation, est place en file d'erreur et genere une notification indiquant le champ en cause.","High","orion local-only playwright-candidate","ORI-750","TP-LOCAL-SPRINT-11-12-13","TE-LOCAL-INT2-SPRINT-11-12-13","TS-ORI-750"
"TC-ORI-750-CT-ERR-02-R271","Test","ORI-750 CT-ERR-02 - Scenario 16 - Agence inconnue : notification d'erreur","Une agence inconnue bloque la creation, place le message en erreur et genere la notification 'L'agence idAgence est inconnue du domaine Planning'.","High","orion local-only playwright-candidate","ORI-750","TP-LOCAL-SPRINT-11-12-13","TE-LOCAL-INT2-SPRINT-11-12-13","TS-ORI-750"
"TC-ORI-750-CT-ERR-03-R272","Test","ORI-750 CT-ERR-03 - Scenarios 14/15 - Client inconnu et intervenant inconnu : notification d'erreur","Un client ou un intervenant inconnu bloque la creation et genere la notification d'inconnu correspondante, avec message place en file d'erreur.","High","orion local-only playwright-candidate","ORI-750","TP-LOCAL-SPRINT-11-12-13","TE-LOCAL-INT2-SPRINT-11-12-13","TS-ORI-750"
"TC-ORI-750-CT-ERR-04-R273","Test","ORI-750 CT-ERR-04 - Scenario 17 - Intervenant indisponible pour la serie : notification d'erreur","Un intervenant indisponible pour la serie bloque la creation et genere la notification d'indisponibilite, message place en file d'erreur.","High","orion local-only playwright-candidate","ORI-750","TP-LOCAL-SPRINT-11-12-13","TE-LOCAL-INT2-SPRINT-11-12-13","TS-ORI-750"
"TC-ORI-750-CT-ERR-05-R274","Test","ORI-750 CT-ERR-05 - Scenario 13 - Serie d'interventions deja existante : notification d'erreur","Une serie deja existante bloque la creation et genere la notification 'La serie d'interventions idSerieInterventions existe deja dans le domaine Planning'.","Medium","orion local-only playwright-candidate","ORI-750","TP-LOCAL-SPRINT-11-12-13","TE-LOCAL-INT2-SPRINT-11-12-13","TS-ORI-750"
"TC-ORI-750-CT-ERR-06-R275","Test","ORI-750 CT-ERR-06 - RG_CRT_SIN_09 - Contenu de la notification creee et attributs issus de la DMN","La notification d'erreur est correctement enregistree (statut 'En cours', associee a la serie, attributs DMN) et transmise au module transverse de notification.","High","orion local-only playwright-candidate","ORI-750","TP-LOCAL-SPRINT-11-12-13","TE-LOCAL-INT2-SPRINT-11-12-13","TS-ORI-750"
"TC-ORI-750-CT-ERR-07-R276","Test","ORI-750 CT-ERR-07 - Notification des erreurs lors de la MODIFICATION d'une serie (miroir creation)","La notification des erreurs s'applique de facon identique a la modification d'une serie (miroir creation) : blocage de la mise a jour, file d'erreur et notification.","High","orion local-only playwright-candidate","ORI-750","TP-LOCAL-SPRINT-11-12-13","TE-LOCAL-INT2-SPRINT-11-12-13","TS-ORI-750"
"TC-ORI-790-CT-AF-01-R278","Test","ORI-790 CT-AF-01 - RG_PAP_NAV_01 / CA_PAP_NAV_01 - Clic fleche/carte : navigation vers la sous-page de detail (3B)","Le clic sur la fleche/carte d'une activite ouvre la sous-page de detail/personnalisation (3B) en masquant la liste.","High","orion local-only playwright-candidate","ORI-790","TP-LOCAL-SPRINT-11-12-13","TE-LOCAL-INT2-SPRINT-11-12-13","TS-ORI-790"
"TC-ORI-790-CT-AF-02-R279","Test","ORI-790 CT-AF-02 - RG_PAP_NAV_02 / CA_PAP_NAV_02/03 - Fil d'Ariane et retour a la liste","Le fil d'Ariane est affiche et permet de revenir a la liste des activites via la fleche retour ou le lien 'Selection des activites'.","High","orion local-only playwright-candidate","ORI-790","TP-LOCAL-SPRINT-11-12-13","TE-LOCAL-INT2-SPRINT-11-12-13","TS-ORI-790"
"TC-ORI-790-CT-AF-03-R280","Test","ORI-790 CT-AF-03 - RG_PAP_HER_01/02 - Bandeau 'Herite du CDA' et champs en lecture seule","La sous-page affiche le bandeau 'Herite du CDA' et presente en lecture seule les parametres herites, le taux PEC restant saisissable au PAP.","High","orion local-only playwright-candidate","ORI-790","TP-LOCAL-SPRINT-11-12-13","TE-LOCAL-INT2-SPRINT-11-12-13","TS-ORI-790"
"TC-ORI-790-CT-AF-04-R281","Test","ORI-790 CT-AF-04 - RG_PAP_PEC_01 / CA_PAP_PEC_01/02 - Calcul bidirectionnel taux PEC <-> montant PEC","Le taux PEC et le montant PEC sont lies bidirectionnellement : toute modification de l'un recalcule l'autre, avec affichage du reste a charge et du facture OF.","High","orion local-only playwright-candidate","ORI-790","TP-LOCAL-SPRINT-11-12-13","TE-LOCAL-INT2-SPRINT-11-12-13","TS-ORI-790"
"TC-ORI-790-CT-AF-05-R282","Test","ORI-790 CT-AF-05 - RG_PAP_TYP_01/VOL_01/PLAF_01 - Typologies d'heures, volume alloue et plafond","Les typologies d'heures s'activent par toggle, le volume alloue est obligatoire et strictement positif, et le plafond se parametre par periodicite avec equivalent monetaire.","High","orion local-only playwright-candidate","ORI-790","TP-LOCAL-SPRINT-11-12-13","TE-LOCAL-INT2-SPRINT-11-12-13","TS-ORI-790"
"TC-ORI-790-CT-AF-06-R283","Test","ORI-790 CT-AF-06 - RG_PAP_NAV_03 / CA_PAP_NAV_04 - Validation de la sous-page : sauvegarde, badge 'Personnalise' et retour liste","La validation de la sous-page controle et sauvegarde les saisies, affiche le badge 'Personnalise' sur la carte et revient a la liste.","High","orion local-only playwright-candidate","ORI-790","TP-LOCAL-SPRINT-11-12-13","TE-LOCAL-INT2-SPRINT-11-12-13","TS-ORI-790"
"TC-ORI-790-CT-AF-07-R284","Test","ORI-790 CT-AF-07 - RG_PAP_NAV_04 / CA_PAP_NAV_05/06 - Sortie sans validation apres modifications : modale de confirmation","Le retour sans validation apres modifications declenche une modale de confirmation permettant de quitter sans enregistrer ou d'annuler.","High","orion local-only playwright-candidate","ORI-790","TP-LOCAL-SPRINT-11-12-13","TE-LOCAL-INT2-SPRINT-11-12-13","TS-ORI-790"
"TC-ORI-790-CT-AF-08-R285","Test","ORI-790 CT-AF-08 - RG_PAP_ABC/FORF/ABO/TRJ - Affichage conditionnel du detail selon le format de facturation","Le detail affiche les champs conformes au format de facturation de l'activite (Horaire, Forfait, Abonnement, Trajet).","Medium","orion local-only playwright-candidate","ORI-790","TP-LOCAL-SPRINT-11-12-13","TE-LOCAL-INT2-SPRINT-11-12-13","TS-ORI-790"
